id,species,common_name,mean_lai,median_lai,min_lai,max_lai,measurement_count,sources,tropical,category,canopy_form,height_mature_m,canopy_radius_mature_m,trunk_height_m,height_typical_m,canopy_radius_typical_m,min_substrate_mm,wikipedia_height_m,size_source
1,Tsuga heterophylla,,31.053,34,11.07,47,12,"ORNL, TRY",FALSE,Tree,conical,20,4,3,13,2.6,1000,,category default
2,Abies magnifica,,21.335,21.335,17.33,25.34,4,"ORNL, TRY",FALSE,Tree,conical,20,4,3,13,2.6,1000,,category default
3,Abies concolor,,14.483,14.53,8.17,20.75,6,"ORNL, TRY",FALSE,Tree,conical,20,4,3,13,2.6,1000,,category default
4,Thujopsis dolabrata,,14.267,12.7,12.6,17.5,6,"ORNL, TRY",FALSE,Tree,conical,20,4,3,13,2.6,1000,,category default
5,Sequoia sempervirens,,12.804,13.92,9.5,14.48,10,"ORNL, TRY",FALSE,Tree,conical,20,4,3,13,2.6,1000,,category default
6,Pseudotsuga menziesii,,12.642,8.54,3.37,34.96,122,"ORNL, TRY",FALSE,Tree,conical,20,4,3,13,2.6,1000,,category default
7,Abies fraseri,,12.3,12.3,12.3,12.3,2,"ORNL, TRY",FALSE,Tree,conical,20,4,3,13,2.6,1000,,category default
8,Abies amabilis,,11.63,11.63,11.63,11.63,2,"ORNL, TRY",FALSE,Tree,conical,20,4,3,13,2.6,1000,,category default
9,Pinus nigra,,11.465,11.465,8.2,14.73,4,"ORNL, TRY",FALSE,Tree,conical,20,4,3,13,2.6,1000,,category default
10,Abies lasiocarpa,,11.385,11.385,8.07,14.7,4,"ORNL, TRY",FALSE,Tree,conical,20,4,3,13,2.6,1000,,category default
11,Eucalyptus sieberii,,11,11,11,11,2,"ORNL, TRY",TRUE,Tree,round,15,5,2,9.8,3.2,1000,,category default
12,Shorea robusta,,10.832,11.53,6,14.02,12,"ORNL, TRY",TRUE,Tree,round,15,5,2,9.8,3.2,1000,,category default
13,Abies georget,,10.483,10.18,8.86,12.41,6,"ORNL, TRY",FALSE,Tree,conical,20,4,3,13,2.6,1000,,category default
14,Swietenia macrophylla,,10.4,10.4,10.4,10.4,2,"ORNL, TRY",TRUE,Tree,round,15,5,2,9.8,3.2,1000,,category default
15,Abies balsamea,,10.318,10.15,5.2,15.6,74,"ORNL, TRY",FALSE,Tree,conical,20,4,3,13,2.6,1000,,category default
16,Quercus crispula,,10.1,10.1,8.1,12.1,4,"ORNL, TRY",FALSE,Tree,round,15,5,2,9.8,3.2,1000,,category default
17,Metasequoia glyptostroboides,,9.53,9.53,9.53,9.53,2,"ORNL, TRY",FALSE,Tree,conical,20,4,3,13,2.6,1000,,category default
18,Tectona grandis,,9.326,10.6,0.96,17.4,18,"ORNL, TRY",TRUE,Tree,round,15,5,2,9.8,3.2,1000,,category default
19,Cryptomeria japonica,,9.258,10,2.71,17.2,38,"ORNL, TRY",FALSE,Tree,conical,20,4,3,13,2.6,1000,,category default
20,Picea sitchensis,,9.1,9.1,9.1,9.1,2,"ORNL, TRY",FALSE,Tree,conical,20,4,3,13,2.6,1000,,category default
21,Abies homolepis,,9,9,7.4,10.6,4,"ORNL, TRY",FALSE,Tree,conical,20,4,3,13,2.6,1000,,category default
22,Turreanthus africana,,9,9,9,9,2,"ORNL, TRY",FALSE,Tree,round,15,5,2,9.8,3.2,1000,,category default
23,Dacryodes klaineana,,9,9,9,9,2,"ORNL, TRY",FALSE,Tree,round,15,5,2,9.8,3.2,1000,,category default
24,Abies fabri,,8.995,8.995,7.78,10.21,4,"ORNL, TRY",FALSE,Tree,conical,20,4,3,13,2.6,1000,,category default
25,Castanopsis cuspidata,,8.785,8.53,5.2,12.8,20,"ORNL, TRY",FALSE,Tree,round,15,5,2,9.8,3.2,1000,,category default
26,Carpinus betulus,,8.73,8.73,8.73,8.73,2,"ORNL, TRY",FALSE,Tree,round,15,5,2,9.8,3.2,1000,,category default
27,Quercus myrsinifolia,,8.367,8.1,8,9,6,"ORNL, TRY",FALSE,Tree,round,15,5,2,9.8,3.2,1000,,category default
28,Tsuga canadensis,,8.095,8.095,3.09,13.1,4,"ORNL, TRY",FALSE,Tree,conical,20,4,3,13,2.6,1000,,category default
29,Pinus echinata,,7.8,7.8,7.8,7.8,2,"ORNL, TRY",FALSE,Tree,conical,20,4,3,13,2.6,1000,,category default
30,Nothofagus truncata,,7.4,7.4,7.4,7.4,2,"ORNL, TRY",FALSE,Tree,round,15,5,2,9.8,3.2,1000,,category default
31,Dacryodes excelsa,,7.34,7.34,7.34,7.34,2,"ORNL, TRY",FALSE,Tree,round,15,5,2,9.8,3.2,1000,,category default
32,Graffenrieda emarginata,,7.19,6.98,6.59,8.08,10,"ORNL, TRY",FALSE,Tree,round,15,5,2,9.8,3.2,1000,,category default
33,Nothofagus fusca,,7,7,7,7,2,"ORNL, TRY",FALSE,Tree,round,15,5,2,9.8,3.2,1000,,category default
34,Quercus semicarpiforlia,,6.81,6.81,6.81,6.81,2,"ORNL, TRY",FALSE,Tree,round,15,5,2,9.8,3.2,1000,,category default
35,Pinus elliottii var. elliottii x Pinus caribaea var. hondurensis,,6.732,5.795,4.46,9.77,20,"ORNL, TRY",FALSE,Tree,conical,20,4,3,13,2.6,1000,,category default
36,Pinus radiata,,6.717,4.59,1.56,14,6,"ORNL, TRY",FALSE,Tree,conical,20,4,3,13,2.6,1000,,category default
37,Abies firma,,6.7,6.7,6.7,6.7,2,"ORNL, TRY",FALSE,Tree,conical,20,4,3,13,2.6,1000,,category default
38,Larix leptolepis,,6.68,6.68,6.68,6.68,2,"ORNL, TRY",FALSE,Tree,conical,20,4,3,13,2.6,1000,,category default
39,Liriodendron tulipifera,,6.65,7.05,5.1,7.4,8,"ORNL, TRY",FALSE,Tree,round,15,5,2,9.8,3.2,1000,,category default
40,Picea rubens,,6.583,8.15,1.73,14.8,18,"ORNL, TRY",FALSE,Tree,conical,20,4,3,13,2.6,1000,,category default
41,Acer saccharum,,6.579,6.87,3.25,8.1,18,"ORNL, TRY",FALSE,Tree,round,15,5,2,9.8,3.2,1000,,category default
42,Picea stichensis,,6.55,6.48,4.79,8.5,12,"ORNL, TRY",FALSE,Tree,conical,20,4,3,13,2.6,1000,,category default
43,Abies alba,,6.5,6.4,5.4,7.8,4,"ORNL, TRY",FALSE,Tree,conical,20,4,3,13,2.6,1000,,category default
44,Quercus prinus,,6.325,6.4,4.3,8.2,8,"ORNL, TRY",FALSE,Tree,round,15,5,2,9.8,3.2,1000,,category default
45,Hopea ferrea,,6.3,6.3,6.3,6.3,2,"ORNL, TRY",FALSE,Tree,round,15,5,2,9.8,3.2,1000,,category default
46,Populus deltoides,,6.25,6.25,5.7,6.8,4,"ORNL, TRY",FALSE,Tree,round,15,5,2,9.8,3.2,1000,,category default
47,Aesculus octandra,,6.2,6.2,6.2,6.2,2,"ORNL, TRY",FALSE,Tree,round,15,5,2,9.8,3.2,1000,,category default
48,Cinnamomum camphora,,6.11,6.11,6.11,6.11,2,"ORNL, TRY",FALSE,Tree,round,15,5,2,9.8,3.2,1000,,category default
49,Picea abies,,6.09,5.74,0.48,21.6,254,"ORNL, TRY",FALSE,Tree,conical,20,4,3,13,2.6,1000,,category default
50,Fagus grandifolia,,6.058,3.265,2.9,14.8,8,"ORNL, TRY",FALSE,Tree,round,15,5,2,9.8,3.2,1000,,category default
51,Fraxinus oruns,,6.05,6.05,6.05,6.05,2,"ORNL, TRY",FALSE,Tree,round,15,5,2,9.8,3.2,1000,,category default
52,Populus balsamifera,,6,6,6,6,2,"ORNL, TRY",FALSE,Tree,round,15,5,2,9.8,3.2,1000,,category default
53,Pinus elliotti,,5.99,5.99,5.99,5.99,2,"ORNL, TRY",FALSE,Tree,conical,20,4,3,13,2.6,1000,,category default
54,Acer,,5.99,5.99,5.99,5.99,2,"ORNL, TRY",FALSE,Tree,round,15,5,2,9.8,3.2,1000,,category default
55,Acer rubrum,,5.97,5.97,5.14,6.8,4,"ORNL, TRY",FALSE,Tree,round,15,5,2,9.8,3.2,1000,,category default
56,Tsuga mertensiana,,5.9,5.4,2.8,10,8,"ORNL, TRY",FALSE,Tree,conical,20,4,3,13,2.6,1000,,category default
57,Fagus sylvatica,,5.85,6.2,2.28,10.2,298,"ORNL, TRY",FALSE,Tree,round,15,5,2,9.8,3.2,1000,,category default
58,Quercus phillyraeoides,,5.82,5.82,5.74,5.9,4,"ORNL, TRY",FALSE,Tree,round,15,5,2,9.8,3.2,1000,,category default
59,Elaeagnus umbellata,,5.8,5.8,5.8,5.8,2,"ORNL, TRY",FALSE,Tree,round,15,5,2,9.8,3.2,1000,,category default
60,Nothofagus solandri,,5.781,5.71,3,8.9,20,"ORNL, TRY",FALSE,Tree,round,15,5,2,9.8,3.2,1000,,category default
61,Prunus pensylvanica,,5.733,5.5,5.4,6.3,6,"ORNL, TRY",FALSE,Tree,round,15,5,2,9.8,3.2,1000,,category default
62,Chamaecyparis obtusa,,5.705,5.735,3.8,7.1,56,"ORNL, TRY",FALSE,Tree,conical,20,4,3,13,2.6,1000,,category default
63,Castanea sativa and others,,5.536,5.81,2.88,7.45,10,"ORNL, TRY",FALSE,Tree,round,15,5,2,9.8,3.2,1000,,category default
64,Liquidambar styraciflua,,5.5,5.5,5.5,5.5,2,"ORNL, TRY",FALSE,Tree,round,15,5,2,9.8,3.2,1000,,category default
65,Quercus mongolica,,5.5,5.5,5.5,5.5,2,"ORNL, TRY",FALSE,Tree,round,15,5,2,9.8,3.2,1000,,category default
66,Quercus serrata,,5.476,5.1,3.1,8.5,34,"ORNL, TRY",FALSE,Tree,round,15,5,2,9.8,3.2,1000,,category default
67,Pinus resinosa,,5.469,5.75,2.5,10.7,24,"ORNL, TRY",FALSE,Tree,conical,20,4,3,13,2.6,1000,,category default
68,Betula ermanii,,5.403,5.46,5.2,5.55,6,"ORNL, TRY",FALSE,Tree,round,15,5,2,9.8,3.2,1000,,category default
69,Quercus,,5.367,5.76,4.31,6.03,6,"ORNL, TRY",FALSE,Tree,round,15,5,2,9.8,3.2,1000,,category default
70,Theobroma cacao,,5.367,5.7,4.1,6.3,6,"ORNL, TRY",FALSE,Tree,round,15,5,2,9.8,3.2,1000,,category default
71,Alnus glutinosa,,5.342,5.365,2.07,8.26,12,"ORNL, TRY",FALSE,Tree,round,15,5,2,9.8,3.2,1000,,category default
72,Pinus strobus,,5.307,3.2,1.5,17.8,30,"ORNL, TRY",FALSE,Tree,conical,20,4,3,13,2.6,1000,,category default
73,Magnolia obovata,,5.3,5.3,5.3,5.3,2,"ORNL, TRY",FALSE,Tree,round,15,5,2,9.8,3.2,1000,,category default
74,Abies grandis,,5.3,5.3,5.3,5.3,2,"ORNL, TRY",FALSE,Tree,conical,20,4,3,13,2.6,1000,,category default
75,Tsuga sieboldii,,5.3,5.3,5.3,5.3,2,"ORNL, TRY",FALSE,Tree,conical,20,4,3,13,2.6,1000,,category default
76,Quercus petraea and others,,5.265,5.265,4.67,5.86,4,"ORNL, TRY",FALSE,Tree,round,15,5,2,9.8,3.2,1000,,category default
77,Quercus acutissima,,5.254,5.1,2.9,7.1,26,"ORNL, TRY",FALSE,Tree,round,15,5,2,9.8,3.2,1000,,category default
78,Alnus rubra,,5.2,5.2,3.9,6.5,4,"ORNL, TRY",FALSE,Tree,round,15,5,2,9.8,3.2,1000,,category default
79,Quercus patraea,,5.2,5.2,5.2,5.2,2,"ORNL, TRY",FALSE,Tree,round,15,5,2,9.8,3.2,1000,,category default
80,Fagus crenata,,5.059,4.7,3.19,7.84,96,"ORNL, TRY",FALSE,Tree,round,15,5,2,9.8,3.2,1000,,category default
81,Abies veitchii,,5,5,5,5,2,"ORNL, TRY",FALSE,Tree,conical,20,4,3,13,2.6,1000,2150,category default
82,Quercus petraea,,4.992,5.575,1.71,6.5,24,"ORNL, TRY",FALSE,Tree,round,15,5,2,9.8,3.2,1000,,category default
83,Cyrilla racemiflora,,4.96,4.96,4.96,4.96,2,"ORNL, TRY",FALSE,Tree,round,15,5,2,9.8,3.2,1000,,category default
84,Abies religiosa,,4.96,4.96,4.96,4.96,2,"ORNL, TRY",FALSE,Tree,conical,20,4,3,13,2.6,1000,,category default
85,Castanea sativa,,4.874,5.3,3.29,6.5,10,"ORNL, TRY",FALSE,Tree,round,15,5,2,9.8,3.2,1000,,category default
86,Tamarix chinensis,,4.85,4.85,4.85,4.85,2,"ORNL, TRY",FALSE,Tree,round,15,5,2,9.8,3.2,1000,,category default
87,Quercus cerris,,4.837,4.5,3.8,7.4,14,"ORNL, TRY",FALSE,Tree,round,15,5,2,9.8,3.2,1000,,category default
88,Fagus orientalis,,4.767,4.8,4.3,5.2,6,"ORNL, TRY",FALSE,Tree,round,15,5,2,9.8,3.2,1000,,category default
89,Micarandra sprucei,,4.72,4.72,4.72,4.72,2,"ORNL, TRY",FALSE,Tree,round,15,5,2,9.8,3.2,1000,,category default
90,Fraxinus excelsior,,4.69,4.55,3.6,5.4,10,"ORNL, TRY",FALSE,Tree,round,15,5,2,9.8,3.2,1000,,category default
91,Pinus densiflora,,4.653,4.73,4.08,5.15,6,"ORNL, TRY",FALSE,Tree,conical,20,4,3,13,2.6,1000,,category default
92,Pinus,,4.65,4.65,2.01,7.29,4,"ORNL, TRY",FALSE,Tree,conical,20,4,3,13,2.6,1000,,category default
93,Metrosideros polymorpha,,4.614,5.465,0.61,8,24,"ORNL, TRY",FALSE,Tree,round,15,5,2,9.8,3.2,1000,,category default
94,Picea glauca,,4.58,4.58,2.76,6.4,4,"ORNL, TRY",FALSE,Tree,conical,20,4,3,13,2.6,1000,,category default
95,Eucalyptus regnans,,4.566,4.345,3.11,9,28,"ORNL, TRY",TRUE,Tree,round,15,5,2,9.8,3.2,1000,,category default
96,Eucalyptus grandis*Eucalyptus urophylla hybrids,,4.487,4.29,3.54,5.83,8,"ORNL, TRY",TRUE,Tree,round,15,5,2,9.8,3.2,1000,,category default
97,Podocarpus nubigena,,4.45,4.45,4.2,4.7,2,TRY,FALSE,Tree,conical,20,4,3,13,2.6,1000,,category default
98,Larix sibirica,,4.4,4.4,4.4,4.4,2,"ORNL, TRY",FALSE,Tree,conical,20,4,3,13,2.6,1000,,category default
99,Betula verrucosa,,4.35,4.1,1.7,6.5,16,"ORNL, TRY",FALSE,Tree,round,15,5,2,9.8,3.2,1000,,category default
100,Betula maximowixziana,,4.307,4.06,3.67,5.19,6,"ORNL, TRY",FALSE,Tree,round,15,5,2,9.8,3.2,1000,,category default
101,Nothofagus pumila,,4.3,4.3,4.3,4.3,2,"ORNL, TRY",FALSE,Tree,round,15,5,2,9.8,3.2,1000,,category default
102,Eucalyptus meullerana,,4.3,4.3,3.8,4.8,4,"ORNL, TRY",TRUE,Tree,round,15,5,2,9.8,3.2,1000,,category default
103,Hevea brasiliensis,,4.27,4.27,3.2,5.34,4,"ORNL, TRY",FALSE,Tree,round,15,5,2,9.8,3.2,1000,,category default
104,Quercus robur,,4.24,4.55,2,6.33,24,"ORNL, TRY",FALSE,Tree,round,15,5,2,9.8,3.2,1000,,category default
105,Pinus contorta,,4.196,2.8,0.01,35.7,178,"ORNL, TRY",FALSE,Tree,conical,20,4,3,13,2.6,1000,,category default
106,Eucalyptus nitens,,4.151,4.25,2.24,7.43,22,"ORNL, TRY",TRUE,Tree,round,15,5,2,9.8,3.2,1000,,category default
107,Quercus coccifera,,4.15,4.15,4.15,4.15,2,"ORNL, TRY",FALSE,Tree,round,15,5,2,9.8,3.2,1000,,category default
108,Cecropia,,4.13,4.13,4.13,4.13,2,"ORNL, TRY",FALSE,Tree,round,15,5,2,9.8,3.2,1000,,category default
109,Picea mariana,,4.106,3.795,1.13,8.97,112,"ORNL, TRY",FALSE,Tree,conical,20,4,3,13,2.6,1000,,category default
110,Quercus rubra,,4.105,4.41,2.7,4.9,8,"ORNL, TRY",FALSE,Tree,round,15,5,2,9.8,3.2,1000,,category default
111,Abies sibirica,,4.1,4.1,4.1,4.1,2,"ORNL, TRY",FALSE,Tree,conical,20,4,3,13,2.6,1000,,category default
112,Picea engelmannii,,4.1,4.1,4.1,4.1,2,"ORNL, TRY",FALSE,Tree,conical,20,4,3,13,2.6,1000,,category default
113,Quercus alba,,4,4,4,4,2,"ORNL, TRY",FALSE,Tree,round,15,5,2,9.8,3.2,1000,,category default
114,Zelkovab serrata,,3.95,3.95,3.95,3.95,2,"ORNL, TRY",FALSE,Tree,round,15,5,2,9.8,3.2,1000,,category default
115,Pinus ponderosa,,3.902,3.1,1.02,9,86,"ORNL, TRY",FALSE,Tree,conical,20,4,3,13,2.6,1000,,category default
116,Pinus pinaster,,3.895,2.93,1.76,14.6,24,"ORNL, TRY",FALSE,Tree,conical,20,4,3,13,2.6,1000,,category default
117,Cupressus lusitanica,,3.85,3.85,3.84,3.86,4,"ORNL, TRY",FALSE,Tree,conical,20,4,3,13,2.6,1000,,category default
118,Quercus ilex,,3.844,3.7,1.7,6.56,16,"ORNL, TRY",FALSE,Tree,round,15,5,2,9.8,3.2,1000,,category default
119,Eucalyptus maculata,,3.84,3.84,2.78,4.9,4,"ORNL, TRY",TRUE,Tree,round,15,5,2,9.8,3.2,1000,,category default
120,Pinus sylvestris,,3.825,3.25,0.15,14.21,212,"ORNL, TRY",FALSE,Tree,conical,20,4,3,13,2.6,1000,,category default
121,Betula aetnensis,,3.8,3.8,3.8,3.8,2,"ORNL, TRY",FALSE,Tree,round,15,5,2,9.8,3.2,1000,,category default
122,Dacrydium cupressinum,,3.7,3.7,3.7,3.7,2,"ORNL, TRY",FALSE,Tree,round,15,5,2,9.8,3.2,1000,,category default
123,Larix cajanderi,,3.7,3.7,3.7,3.7,2,"ORNL, TRY",FALSE,Tree,conical,20,4,3,13,2.6,1000,,category default
124,Nothofagus dombeyi,,3.7,3.7,3.7,3.7,1,TRY,FALSE,Tree,round,15,5,2,9.8,3.2,1000,,category default
125,Alnus sp.,,3.625,3.625,3.45,3.8,4,"ORNL, TRY",FALSE,Tree,round,15,5,2,9.8,3.2,1000,,category default
126,Eucalyptus globulus,,3.571,3.3,1.39,6.1,58,"ORNL, TRY",TRUE,Tree,round,15,5,2,9.8,3.2,1000,,category default
127,Eucalyptus microcorys,,3.557,3.9,2,5.2,14,"ORNL, TRY",TRUE,Tree,round,15,5,2,9.8,3.2,1000,,category default
128,Marquesia macroura,,3.47,3.47,3.47,3.47,2,"ORNL, TRY",FALSE,Tree,round,15,5,2,9.8,3.2,1000,,category default
129,Quercus pedunculiflora,,3.43,3.43,3.43,3.43,2,"ORNL, TRY",FALSE,Tree,round,15,5,2,9.8,3.2,1000,,category default
130,Larix decidua,,3.42,3.42,1.74,5.1,4,"ORNL, TRY",FALSE,Tree,conical,20,4,3,13,2.6,1000,,category default
131,Eucalyptus grandis,,3.405,3.7,2.07,4.15,8,"ORNL, TRY",TRUE,Tree,round,15,5,2,9.8,3.2,1000,,category default
132,Eucalyptus clone (E. grandis *E. urophylla),,3.4,3.4,3.4,3.4,2,"ORNL, TRY",TRUE,Tree,round,15,5,2,9.8,3.2,1000,,category default
133,Betula erumani,,3.353,3.36,3.11,3.59,6,"ORNL, TRY",FALSE,Tree,round,15,5,2,9.8,3.2,1000,,category default
134,Prestoea montana,,3.3,3.3,3.3,3.3,2,"ORNL, TRY",FALSE,Tree,round,15,5,2,9.8,3.2,1000,,category default
135,Pinus canariensis,,3.263,3.215,3.09,3.53,8,"ORNL, TRY",FALSE,Tree,conical,20,4,3,13,2.6,1000,,category default
136,Pinus banksiana,,3.257,2.325,1.22,11,76,"ORNL, TRY",TRUE,Tree,conical,20,4,3,13,2.6,1000,,category default
137,Eucalyptus sieberi,,3.24,3.5,1.96,4,8,"ORNL, TRY",TRUE,Tree,round,15,5,2,9.8,3.2,1000,,category default
138,Populus trichocarpa,,3.23,3.23,3.23,3.23,2,"ORNL, TRY",FALSE,Tree,round,15,5,2,9.8,3.2,1000,,category default
139,Pinus cembra,,3.2,3.2,2.5,3.9,4,"ORNL, TRY",FALSE,Tree,conical,20,4,3,13,2.6,1000,,category default
140,Salix dasyclados,,3.2,3.2,3.2,3.2,2,"ORNL, TRY",FALSE,Tree,spreading,12,7,2,7.8,4.5,1000,,category default
141,Nothofagus nitida,,3.2,3.2,3.2,3.2,1,TRY,FALSE,Tree,round,15,5,2,9.8,3.2,1000,,category default
142,Combretodendron africanum,,3.16,3.16,3.16,3.16,2,"ORNL, TRY",FALSE,Tree,round,15,5,2,9.8,3.2,1000,,category default
143,Nothofagus betuloides,,3.155,3.155,2.58,3.73,4,"ORNL, TRY",FALSE,Tree,round,15,5,2,9.8,3.2,1000,,category default
144,Betula pendula,,3.111,3.08,0.66,5.34,68,"ORNL, TRY",FALSE,Tree,round,15,5,2,9.8,3.2,1000,,category default
145,Pinus taeda,,3.084,2.7,0.94,5.34,34,"ORNL, TRY",FALSE,Tree,conical,20,4,3,13,2.6,1000,,category default
146,Eperua molenillo,,3.04,3.04,3.04,3.04,2,"ORNL, TRY",FALSE,Tree,round,15,5,2,9.8,3.2,1000,,category default
147,Fraxinus pennsylvanica,,3,3,3,3,2,"ORNL, TRY",FALSE,Tree,round,15,5,2,9.8,3.2,1000,,category default
148,Picea,,2.97,2.97,2.97,2.97,2,"ORNL, TRY",FALSE,Tree,conical,20,4,3,13,2.6,1000,,category default
149,Eucalyptus fastigata,,2.93,2.93,2.93,2.93,2,"ORNL, TRY",TRUE,Tree,round,15,5,2,9.8,3.2,1000,,category default
150,Populus tremula,,2.91,2.64,2.43,4.22,24,"ORNL, TRY",FALSE,Tree,round,15,5,2,9.8,3.2,1000,,category default
151,Quercus liaotungensis,,2.9,2.9,2.9,2.9,2,"ORNL, TRY",FALSE,Tree,round,15,5,2,9.8,3.2,1000,,category default
152,Carapa guianensis,,2.9,2.9,2.9,2.9,2,"ORNL, TRY",FALSE,Tree,round,15,5,2,9.8,3.2,1000,,category default
153,Eucryphia cordifolia,,2.9,2.9,2.1,3.7,2,TRY,FALSE,Tree,round,15,5,2,9.8,3.2,1000,,category default
154,Robinia pseudoacacia,,2.89,2.89,2.89,2.89,2,"ORNL, TRY",TRUE,Tree,round,15,5,2,9.8,3.2,1000,,category default
155,Betula pubescens,,2.83,2.67,0.76,5.12,40,"ORNL, TRY",FALSE,Tree,round,15,5,2,9.8,3.2,1000,,category default
156,Eucalyptus grandis * urophylla (mono clonal),,2.8,3,2.4,3,6,"ORNL, TRY",TRUE,Tree,round,15,5,2,9.8,3.2,1000,,category default
157,Picea obovata,,2.8,2.8,2.8,2.8,2,"ORNL, TRY",FALSE,Tree,conical,20,4,3,13,2.6,1000,,category default
158,Populus tremuloides,,2.775,2.59,0.37,6.6,114,"ORNL, TRY",FALSE,Tree,round,15,5,2,9.8,3.2,1000,,category default
159,Alnus incana,,2.773,2.35,0.62,5.43,24,"ORNL, TRY",FALSE,Tree,round,15,5,2,9.8,3.2,1000,,category default
160,Quercus pubescens,,2.757,2.73,2.54,3,6,"ORNL, TRY",FALSE,Tree,round,15,5,2,9.8,3.2,1000,,category default
161,Eucalyptus saligna,,2.697,2.385,1.46,5.18,20,"ORNL, TRY",TRUE,Tree,round,15,5,2,9.8,3.2,1000,,category default
162,Eucalyptus obliqua,,2.657,1.34,1.23,5.4,6,"ORNL, TRY",TRUE,Tree,round,15,5,2,9.8,3.2,1000,,category default
163,Tabebuia rigida,,2.62,2.62,1.99,3.25,4,"ORNL, TRY",TRUE,Tree,round,15,5,2,9.8,3.2,1000,,category default
164,Populus fremontii,,2.6,2.6,2.6,2.6,2,"ORNL, TRY",FALSE,Tree,round,15,5,2,9.8,3.2,1000,,category default
165,Quercus frainetto,,2.562,2.7,2.1,2.8,16,"ORNL, TRY",FALSE,Tree,round,15,5,2,9.8,3.2,1000,,category default
166,Eucalyptus diversicolor,,2.55,1.95,1.3,5,8,"ORNL, TRY",TRUE,Tree,round,15,5,2,9.8,3.2,1000,,category default
167,Larix principis-rupprechtii,,2.54,2.54,2.54,2.54,2,"ORNL, TRY",FALSE,Tree,conical,20,4,3,13,2.6,1000,,category default
168,Toona ciliata,,2.5,2.45,2.1,2.9,12,"ORNL, TRY",FALSE,Tree,round,15,5,2,9.8,3.2,1000,,category default
169,Pinus caribaea,,2.5,2.5,2.5,2.5,2,"ORNL, TRY",FALSE,Tree,conical,20,4,3,13,2.6,1000,,category default
170,Pinus elliottii,,2.47,2.47,2.47,2.47,2,"ORNL, TRY",FALSE,Tree,conical,20,4,3,13,2.6,1000,,category default
171,Populus grandidentata,,2.43,2.43,2.43,2.43,2,"ORNL, TRY",FALSE,Tree,round,15,5,2,9.8,3.2,1000,,category default
172,Populus davidiana,,2.37,2.37,2.37,2.37,2,"ORNL, TRY",FALSE,Tree,round,15,5,2,9.8,3.2,1000,,category default
173,Quercus pyrenaica,,2.352,2.205,1.8,3.4,12,"ORNL, TRY",FALSE,Tree,round,15,5,2,9.8,3.2,1000,,category default
174,Eucalyptus grandis hybrids,,2.3,2.3,2.3,2.3,2,"ORNL, TRY",TRUE,Tree,round,15,5,2,9.8,3.2,1000,,category default
175,Betula platyphylla,,2.3,2.3,1.1,3.5,4,"ORNL, TRY",FALSE,Tree,round,15,5,2,9.8,3.2,1000,,category default
176,Pinus patula,,2.295,2.295,2.13,2.46,4,"ORNL, TRY",FALSE,Tree,conical,20,4,3,13,2.6,1000,,category default
177,Eucalyptus grandis * camaldulensis hybrid,,2.291,2.235,1.18,3.95,24,"ORNL, TRY",TRUE,Tree,round,15,5,2,9.8,3.2,1000,,category default
178,Pinus tabulaeformis,,2.28,2.28,2.28,2.28,2,"ORNL, TRY",FALSE,Tree,conical,20,4,3,13,2.6,1000,,category default
179,Nothofagus glauca,,2.27,2.12,2.06,2.63,6,"ORNL, TRY",FALSE,Tree,round,15,5,2,9.8,3.2,1000,,category default
180,Betula,,2.27,2.27,2.27,2.27,2,"ORNL, TRY",FALSE,Tree,round,15,5,2,9.8,3.2,1000,,category default
181,Salix viminalis,,2.2,2.2,1.9,2.5,4,"ORNL, TRY",FALSE,Tree,spreading,12,7,2,7.8,4.5,1000,,category default
182,Eucalyptus calophylla,,2.1,2.1,1.9,2.3,4,"ORNL, TRY",TRUE,Tree,round,15,5,2,9.8,3.2,1000,,category default
183,Weinmannia trichosperma,,2.1,2.1,2.1,2.1,1,TRY,FALSE,Tree,round,15,5,2,9.8,3.2,1000,,category default
184,Nothofagus pumilio,,2.073,2.02,1.19,2.9,18,"ORNL, TRY",FALSE,Tree,round,15,5,2,9.8,3.2,1000,,category default
185,Eucalyptus marginata,,2.036,1.845,0.85,4,48,"ORNL, TRY",TRUE,Tree,round,15,5,2,9.8,3.2,1000,,category default
186,Populus canadensis Moench (clone I-214),,2.02,2.02,2.02,2.02,2,"ORNL, TRY",FALSE,Tree,round,15,5,2,9.8,3.2,1000,,category default
187,Nothofagus antarctica,,2.005,1.91,0.75,4.7,20,"ORNL, TRY",FALSE,Tree,round,15,5,2,9.8,3.2,1000,,category default
188,Larix gmelinii,,2.004,1.68,1.03,5.7,26,"ORNL, TRY",FALSE,Tree,conical,20,4,3,13,2.6,1000,,category default
189,Eucalyptus camaldulensis,,2.001,2.17,0.28,3.58,24,"ORNL, TRY",TRUE,Tree,round,15,5,2,9.8,3.2,1000,,category default
190,Populus spp,,1.96,1.96,1.96,1.96,2,"ORNL, TRY",FALSE,Tree,round,15,5,2,9.8,3.2,1000,,category default
191,Eucalyptus cypellocarpa,,1.95,1.95,1.95,1.95,2,"ORNL, TRY",TRUE,Tree,round,15,5,2,9.8,3.2,1000,,category default
192,Pinus mugo,,1.9,1.9,1.9,1.9,2,"ORNL, TRY",FALSE,Tree,conical,20,4,3,13,2.6,1000,,category default
193,Abies faxoniana,,1.9,1.9,1.9,1.9,2,"ORNL, TRY",FALSE,Tree,conical,20,4,3,13,2.6,1000,,category default
194,Pinus sibirica,,1.89,1.89,1.89,1.89,2,"ORNL, TRY",FALSE,Tree,conical,20,4,3,13,2.6,1000,,category default
195,Eucalyptus delegatensis,,1.805,1.805,1.5,2.11,4,"ORNL, TRY",TRUE,Tree,round,15,5,2,9.8,3.2,1000,,category default
196,Eucalyptus dives,,1.8,1.8,1.8,1.8,2,"ORNL, TRY",TRUE,Tree,round,15,5,2,9.8,3.2,1000,,category default
197,Podocarpus falcatus,,1.78,1.78,1.78,1.78,2,"ORNL, TRY",FALSE,Tree,conical,20,4,3,13,2.6,1000,,category default
198,Qualea grandiflora,,1.757,1.63,0.73,3.04,22,TRY,FALSE,Tree,round,15,5,2,9.8,3.2,1000,,category default
199,Pinus yunnanensis,,1.75,1.75,1.7,1.8,4,"ORNL, TRY",FALSE,Tree,conical,20,4,3,13,2.6,1000,,category default
200,Taxodium distichum,,1.7,1.7,0.5,2.9,4,"ORNL, TRY",FALSE,Tree,conical,20,4,3,13,2.6,1000,,category default
201,Scaphium macropodum,,1.68,1.68,1.68,1.68,1,TRY,FALSE,Tree,round,15,5,2,9.8,3.2,1000,,category default
202,Diospyros fusiformis,,1.65,1.65,1.65,1.65,1,TRY,FALSE,Tree,round,15,5,2,9.8,3.2,1000,,category default
203,Eucalyptus,,1.577,1.77,0.01,4.4,52,"ORNL, TRY",TRUE,Tree,round,15,5,2,9.8,3.2,1000,,category default
204,Betula nana,,1.543,1.02,0.97,2.64,6,"ORNL, TRY",FALSE,Tree,round,15,5,2,9.8,3.2,1000,,category default
205,Litsea lancifolia,,1.51,1.51,1.51,1.51,1,TRY,FALSE,Tree,round,15,5,2,9.8,3.2,1000,,category default
206,Picea purpurea,,1.5,1.5,1.5,1.5,2,"ORNL, TRY",FALSE,Tree,conical,20,4,3,13,2.6,1000,,category default
207,Urophyllum griffithianum,,1.43,1.43,1.43,1.43,1,TRY,FALSE,Tree,round,15,5,2,9.8,3.2,1000,,category default
208,Pinus halepensis,,1.427,1.33,1.15,1.8,6,"ORNL, TRY",FALSE,Tree,conical,20,4,3,13,2.6,1000,,category default
209,Scaphium longipetiolatum,,1.38,1.38,1.38,1.38,1,TRY,FALSE,Tree,round,15,5,2,9.8,3.2,1000,,category default
210,Acer spicatum,,1.335,1.04,0.41,6.9,99,TRY,FALSE,Tree,round,15,5,2,9.8,3.2,1000,,category default
211,Aporusa grandistipula,,1.32,1.32,1.32,1.32,1,TRY,FALSE,Tree,round,15,5,2,9.8,3.2,1000,,category default
212,Urophyllum glabrum,,1.28,1.28,1.28,1.28,1,TRY,FALSE,Tree,round,15,5,2,9.8,3.2,1000,,category default
213,Litsea accedens,,1.23,1.23,1.23,1.23,1,TRY,FALSE,Tree,round,15,5,2,9.8,3.2,1000,,category default
214,Qualea parviflora,,1.161,1.06,0.68,2.07,20,TRY,FALSE,Tree,round,15,5,2,9.8,3.2,1000,,category default
215,Eucalyptus radiata,,1.13,1.13,1.13,1.13,2,"ORNL, TRY",TRUE,Tree,round,15,5,2,9.8,3.2,1000,,category default
216,Shorea multiflora,,1.13,1.13,1.13,1.13,1,TRY,TRUE,Tree,round,15,5,2,9.8,3.2,1000,,category default
217,Annona crassiflora,,1.123,1.145,0.72,1.56,20,TRY,FALSE,Tree,round,15,5,2,9.8,3.2,1000,,category default
218,Eucalyptus ovata,,1.08,1.08,1.08,1.08,2,"ORNL, TRY",TRUE,Tree,round,15,5,2,9.8,3.2,1000,,category default
219,Dacryodes rostrata,,1.06,1.06,1.06,1.06,1,TRY,FALSE,Tree,round,15,5,2,9.8,3.2,1000,,category default
220,Canarium denticulatum,,1.04,1.04,1.04,1.04,1,TRY,FALSE,Tree,round,15,5,2,9.8,3.2,1000,,category default
221,Eucalyptus sp.,,0.993,0.83,0.36,2.31,46,"ORNL, TRY",TRUE,Tree,round,15,5,2,9.8,3.2,1000,,category default
222,Eucalyptus viminalis,,0.99,0.99,0.99,0.99,2,"ORNL, TRY",TRUE,Tree,round,15,5,2,9.8,3.2,1000,,category default
223,Shorea falciferoides,,0.99,0.99,0.99,0.99,1,TRY,TRUE,Tree,round,15,5,2,9.8,3.2,1000,,category default
224,Cleistanthus paxii,,0.97,0.97,0.97,0.97,1,TRY,FALSE,Tree,round,15,5,2,9.8,3.2,1000,,category default
225,Dipterocarpus applanatus,,0.97,0.97,0.97,0.97,1,TRY,TRUE,Tree,round,15,5,2,9.8,3.2,1000,,category default
226,Dacryodes laxa,,0.96,0.96,0.96,0.96,1,TRY,FALSE,Tree,round,15,5,2,9.8,3.2,1000,,category default
227,Eucalyptus luecoxylon,,0.95,0.95,0.95,0.95,2,"ORNL, TRY",TRUE,Tree,round,15,5,2,9.8,3.2,1000,,category default
228,Dalbergia miscolobium,,0.897,0.59,0.17,2.51,20,TRY,FALSE,Tree,round,15,5,2,9.8,3.2,1000,,category default
229,Cleistanthus baramicus,,0.89,0.89,0.89,0.89,1,TRY,FALSE,Tree,round,15,5,2,9.8,3.2,1000,,category default
230,Shorea xanthophylla,,0.87,0.87,0.87,0.87,1,TRY,TRUE,Tree,round,15,5,2,9.8,3.2,1000,,category default
231,Aporusa lucida,,0.86,0.86,0.86,0.86,1,TRY,FALSE,Tree,round,15,5,2,9.8,3.2,1000,,category default
232,Eucalyptus dumosa,,0.853,0.75,0.6,1.21,6,"ORNL, TRY",TRUE,Tree,round,15,5,2,9.8,3.2,1000,,category default
233,Eucalyptus pauciflora,,0.85,0.85,0.85,0.85,2,"ORNL, TRY",TRUE,Tree,round,15,5,2,9.8,3.2,1000,,category default
234,Quercus douglasii,,0.83,0.83,0.83,0.83,2,"ORNL, TRY",FALSE,Tree,round,15,5,2,9.8,3.2,1000,,category default
235,Shorea leprosula,,0.82,0.82,0.82,0.82,1,TRY,TRUE,Tree,round,15,5,2,9.8,3.2,1000,,category default
236,Dipterocarpus grandiflorus,,0.8,0.8,0.8,0.8,1,TRY,TRUE,Tree,round,15,5,2,9.8,3.2,1000,,category default
237,Larix laricina,,0.747,0.86,0.38,1,6,"ORNL, TRY",FALSE,Tree,conical,20,4,3,13,2.6,1000,,category default
238,Eucalyptus bridgesiana,,0.72,0.72,0.72,0.72,2,"ORNL, TRY",TRUE,Tree,round,15,5,2,9.8,3.2,1000,,category default
239,Canarium pilosum,,0.71,0.71,0.71,0.71,1,TRY,FALSE,Tree,round,15,5,2,9.8,3.2,1000,,category default
240,Diospyros curranii,,0.7,0.7,0.7,0.7,1,TRY,FALSE,Tree,round,15,5,2,9.8,3.2,1000,,category default
241,Eucalyptus porosa,,0.69,0.69,0.69,0.69,2,"ORNL, TRY",TRUE,Tree,round,15,5,2,9.8,3.2,1000,,category default
242,Eucalyptus stellulata,,0.66,0.66,0.66,0.66,2,"ORNL, TRY",TRUE,Tree,round,15,5,2,9.8,3.2,1000,,category default
243,Eucalyptus fasciculosa,,0.595,0.595,0.44,0.75,4,"ORNL, TRY",TRUE,Tree,round,15,5,2,9.8,3.2,1000,,category default
244,Dipterocarpus acutangulus,,0.57,0.57,0.57,0.57,1,TRY,TRUE,Tree,round,15,5,2,9.8,3.2,1000,,category default
245,Eucalyptus socialis,,0.56,0.56,0.45,0.67,4,"ORNL, TRY",TRUE,Tree,round,15,5,2,9.8,3.2,1000,,category default
246,Betula glandulosa,,0.52,0.52,0.52,0.52,2,"ORNL, TRY",FALSE,Tree,round,15,5,2,9.8,3.2,1000,,category default
247,Dipterocarpus caudiferus,,0.26,0.26,0.26,0.26,1,TRY,TRUE,Tree,round,15,5,2,9.8,3.2,1000,,category default
248,Cornus stolonifera,,0.047,0.03,0.01,0.23,73,TRY,FALSE,Tree,round,15,5,2,9.8,3.2,1000,,category default
249,Morella cerifera,,9.75,9.9,6.7,12.5,8,"ORNL, TRY",FALSE,Shrub,shrub,3,1.5,0,2,1,500,,category default
250,Rhododendron maximum,,8.36,8.36,8.36,8.36,2,"ORNL, TRY",FALSE,Shrub,shrub,3,1.5,0,2,1,500,,category default
251,Ilex aquifolium,,6.1,6.1,5.6,6.6,4,"ORNL, TRY",FALSE,Shrub,shrub,3,1.5,0,2,1,500,,category default
252,Leiophyllum lyoni,,3.1,3.1,3.1,3.1,2,"ORNL, TRY",FALSE,Shrub,shrub,3,1.5,0,2,1,500,,category default
253,Arbutus unedo,,3.05,3.05,3.05,3.05,2,"ORNL, TRY",FALSE,Shrub,shrub,3,1.5,0,2,1,500,,category default
254,Atriplex canescens,,2.99,2.99,2.99,2.99,2,"ORNL, TRY",FALSE,Shrub,shrub,3,1.5,0,2,1,500,,category default
255,Atriplex lentiformis (Torr.),,2.82,2.82,2.82,2.82,2,"ORNL, TRY",FALSE,Shrub,shrub,3,1.5,0,2,1,500,,category default
256,Rhododendron catawbiense,,2.8,2.8,2.8,2.8,2,"ORNL, TRY",FALSE,Shrub,shrub,3,1.5,0,2,1,500,,category default
257,Sarcobatus vermiculatus,,2.22,2.22,2.22,2.22,2,"ORNL, TRY",FALSE,Shrub,shrub,3,1.5,0,2,1,500,,category default
258,Cistus albidus,,2.2,2.2,2.2,2.2,2,"ORNL, TRY",FALSE,Shrub,shrub,3,1.5,0,2,1,500,,category default
259,Vaccinium myrtilloides,,2.18,2.18,2.18,2.18,2,"ORNL, TRY",FALSE,Shrub,shrub,3,1.5,0,2,1,500,,category default
260,Atriplex confertifolia,,2.12,2.12,2.12,2.12,2,"ORNL, TRY",FALSE,Shrub,shrub,3,1.5,0,2,1,500,,category default
261,Chrysothamnus consimilis,,2.02,2.02,2.02,2.02,2,"ORNL, TRY",FALSE,Shrub,shrub,3,1.5,0,2,1,500,,category default
262,Rhododendron carolinianum,,2,2,2,2,2,"ORNL, TRY",FALSE,Shrub,shrub,3,1.5,0,2,1,500,,category default
263,Chamaedaphne calyculata,,1.92,1.92,1.92,1.92,2,"ORNL, TRY",FALSE,Shrub,shrub,3,1.5,0,2,1,500,,category default
264,Rhododendron nivale,,1.85,1.85,1.85,1.85,2,"ORNL, TRY",FALSE,Shrub,shrub,3,1.5,0,2,1,500,,category default
265,Loiseleuria procumbens,,1.66,1.66,0.02,3.3,4,"ORNL, TRY",FALSE,Shrub,shrub,3,1.5,0,2,1,500,,category default
266,Rhus copallina,,1.52,1.52,1.52,1.52,2,"ORNL, TRY",FALSE,Shrub,shrub,3,1.5,0,2,1,500,,category default
267,Cistus monospeliensis,,1.36,1.36,1.36,1.36,2,"ORNL, TRY",FALSE,Shrub,shrub,3,1.5,0,2,1,500,,category default
268,Adenostoma fasciculatum,,1.1,1.1,1.1,1.1,2,"ORNL, TRY",FALSE,Shrub,shrub,3,1.5,0,2,1,500,,category default
269,Artemisia tridentata,,1,1,1,1,2,"ORNL, TRY",FALSE,Shrub,shrub,3,1.5,0,2,1,500,,category default
270,Cassiope tetragona,,0.612,0.5,0.36,1.1,18,"ORNL, TRY",FALSE,Shrub,shrub,3,1.5,0,2,1,500,,category default
271,Empetrum hermaphroditum,,0.61,0.61,0.5,0.72,4,"ORNL, TRY",FALSE,Shrub,shrub,3,1.5,0,2,1,500,,category default
272,Larrea divaricata,,0.6,0.6,0.6,0.6,2,"ORNL, TRY",FALSE,Shrub,shrub,3,1.5,0,2,1,500,,category default
273,Vaccinium uliginosum,,0.38,0.38,0.38,0.38,2,"ORNL, TRY",FALSE,Shrub,shrub,3,1.5,0,2,1,500,,category default
274,Melaleuca leucadendron,,0.37,0.37,0.37,0.37,2,"ORNL, TRY",TRUE,Shrub,shrub,3,1.5,0,2,1,500,,category default
275,Artemisia ordosica,,0.3,0.3,0.3,0.3,2,"ORNL, TRY",FALSE,Shrub,shrub,3,1.5,0,2,1,500,,category default
276,Andromeda polifolia,,0.23,0.23,0.23,0.23,2,"ORNL, TRY",FALSE,Shrub,shrub,3,1.5,0,2,1,500,,category default
277,Rhus typhina,,0.099,0.06,0.01,1.5,180,"ORNL, TRY",FALSE,Shrub,shrub,3,1.5,0,2,1,500,,category default
278,Agrostis capillaris,,6.198,6.655,3.24,8.39,18,TRY,FALSE,Grass,grass,0.3,99,0,0.2,64.4,100,,category default
279,Phalaris arundinacea,,6.1,6.1,6.1,6.1,1,TRY,FALSE,Grass,grass,0.3,99,0,0.2,64.4,100,,category default
280,Trisetum flavescens,,6.005,6.305,3.74,8.14,16,TRY,FALSE,Grass,grass,0.3,99,0,0.2,64.4,100,,category default
281,Arrhenatherum elatius,,5.677,6.29,2.61,7.66,18,TRY,FALSE,Grass,grass,0.3,99,0,0.2,64.4,100,,category default
282,Apera spica-venti,,5.643,5.77,3.51,7.04,8,TRY,FALSE,Grass,grass,0.3,99,0,0.2,64.4,100,,category default
283,Alopecurus pratensis,,5.603,6.01,2.9,7.65,21,TRY,FALSE,Grass,grass,0.3,99,0,0.2,64.4,100,,category default
284,Alopecurus geniculatus,,5.553,5.61,4.3,7.21,10,TRY,FALSE,Grass,grass,0.3,99,0,0.2,64.4,100,,category default
285,Anthoxanthum odoratum,,5.332,5.5,3.71,7.34,21,TRY,FALSE,Grass,grass,0.3,99,0,0.2,64.4,100,,category default
286,Brachypodium sylvaticum,,4.869,4.89,3.5,6.82,15,TRY,FALSE,Grass,grass,0.3,99,0,0.2,64.4,100,,category default
287,Calamagrostis epigejos,,4.654,4.76,3.21,6.42,21,TRY,FALSE,Grass,grass,0.3,99,0,0.2,64.4,100,,category default
288,Phalaris arundinaceae,,4.172,4.6,1.81,4.86,15,TRY,FALSE,Grass,grass,0.3,99,0,0.2,64.4,100,,category default
289,Holcus lanatus,,3.628,3.73,1.14,5.63,17,TRY,FALSE,Grass,grass,0.3,99,0,0.2,64.4,100,,category default
290,Festuca ovina,,3.449,2.855,0.46,6.34,38,TRY,FALSE,Grass,grass,0.3,99,0,0.2,64.4,100,,category default
291,Scirpus sylvaticus,,3.383,3.32,2.25,4.75,9,TRY,FALSE,Grass,grass,0.3,99,0,0.2,64.4,100,,category default
292,Luzula multiflora,,3.27,3.25,2.57,4.66,15,TRY,FALSE,Grass,grass,0.3,99,0,0.2,64.4,100,,category default
293,Deschampsia cespitosa,,3.078,3.15,2,4.52,15,TRY,FALSE,Grass,grass,0.3,99,0,0.2,64.4,100,,category default
294,Bromus hordeaceus,,2.604,3.01,0.62,3.78,11,TRY,FALSE,Grass,grass,0.3,99,0,0.2,64.4,100,,category default
295,Digitaria sanguinalis,,2.472,2.62,0.78,3.37,9,TRY,FALSE,Grass,grass,0.3,99,0,0.2,64.4,100,,category default
296,Poa annua,,2.421,1.115,0.18,5.99,18,TRY,FALSE,Grass,grass,0.3,99,0,0.2,64.4,100,,category default
297,Nardus stricta,,2.286,2.58,0.59,3.08,21,TRY,FALSE,Grass,columnar,20,1.5,2,13,1,1000,,category default
298,Molinia caerulea,,1.683,1.06,0.88,5.65,7,TRY,FALSE,Grass,grass,0.3,99,0,0.2,64.4,100,,category default
299,Festuca ortophylla,,0.32,0.32,0.32,0.32,2,"ORNL, TRY",FALSE,Grass,grass,0.3,99,0,0.2,64.4,100,,category default
300,Lapsana communis,,5.521,5.72,4.02,6.83,10,TRY,FALSE,Groundcover,groundcover,0.3,99,0,0.2,64.4,150,,category default
301,Succisa pratensis,,5.087,4.9,4.15,6.93,7,TRY,FALSE,Groundcover,groundcover,0.3,99,0,0.2,64.4,150,,category default
302,Plantago major,,5.067,5.04,4.16,6.57,7,TRY,FALSE,Groundcover,groundcover,0.3,99,0,0.2,64.4,150,,category default
303,Clinopodium vulgare,,4.974,4.87,4.7,6.92,16,TRY,FALSE,Groundcover,groundcover,0.3,99,0,0.2,64.4,150,,category default
304,Cirsium arvense,,4.763,4.78,3.98,6.62,21,TRY,FALSE,Groundcover,groundcover,0.3,99,0,0.2,64.4,150,,category default
305,Origanum vulgare,,4.488,4.8,2.95,5.76,11,TRY,FALSE,Groundcover,groundcover,0.3,99,0,0.2,64.4,150,,category default
306,Trifolium pratense,,4.339,4.44,1.95,6.37,24,TRY,FALSE,Groundcover,groundcover,0.3,99,0,0.2,64.4,150,,category default
307,Taraxacum officinale,,4.33,4.33,4.33,4.33,1,TRY,FALSE,Groundcover,groundcover,0.3,99,0,0.2,64.4,150,,category default
308,Anthyllis vulneraria,,4.045,4.19,2.31,5.52,10,TRY,FALSE,Groundcover,groundcover,0.3,99,0,0.2,64.4,150,,category default
309,Geranium pratense,,3.925,3.74,3.22,5.42,17,TRY,FALSE,Groundcover,groundcover,0.3,99,0,0.2,64.4,150,,category default
310,Digitalis purpurea,,3.801,3.935,2.01,5.41,18,TRY,FALSE,Groundcover,groundcover,0.3,99,0,0.2,64.4,150,,category default
311,Cirsium acaule,,3.715,3.88,2.33,5.31,15,TRY,FALSE,Groundcover,groundcover,0.3,99,0,0.2,64.4,150,,category default
312,Geranium robertianum,,3.713,3.42,2.68,5.25,15,TRY,FALSE,Groundcover,groundcover,0.3,99,0,0.2,64.4,150,,category default
313,Urtica dioica,,3.57,3.78,1.85,4.86,21,TRY,FALSE,Groundcover,groundcover,0.3,99,0,0.2,64.4,150,,category default
314,Aegopodium podagraria,,3.547,3.37,3.08,5.03,21,TRY,FALSE,Groundcover,groundcover,0.3,99,0,0.2,64.4,150,,category default
315,Arctium lappa,,3.533,3.7,2.27,4.72,13,TRY,FALSE,Groundcover,groundcover,0.3,99,0,0.2,64.4,150,,category default
316,Taraxacum spec.,,3.031,3.23,0.5,4.15,11,TRY,FALSE,Groundcover,groundcover,0.3,99,0,0.2,64.4,150,,category default
317,Filipendula ulmaria,,2.878,3.32,0.93,4.34,14,TRY,FALSE,Groundcover,groundcover,0.3,99,0,0.2,64.4,150,,category default
318,Centaurium erythraea,,2.782,2.855,1.74,3.83,10,TRY,FALSE,Groundcover,groundcover,0.3,99,0,0.2,64.4,150,,category default
319,Medicago lupulina,,2.763,2.72,1.89,3.78,10,TRY,FALSE,Groundcover,groundcover,0.3,99,0,0.2,64.4,150,,category default
320,Stellaria media,,2.464,2.095,0.25,4.64,10,TRY,FALSE,Groundcover,groundcover,0.3,99,0,0.2,64.4,150,,category default
321,Pulicaria dysenterica,,2.315,2.215,1.34,4.31,26,TRY,FALSE,Groundcover,groundcover,0.3,99,0,0.2,64.4,150,,category default
322,Lamium purpureum,,2.214,2.23,1.09,3.39,14,TRY,FALSE,Groundcover,groundcover,0.3,99,0,0.2,64.4,150,,category default
323,Campanula rotundifolia,,1.385,1.09,0.28,2.97,21,TRY,FALSE,Groundcover,groundcover,0.3,99,0,0.2,64.4,150,,category default
324,Thlaspi arvense,,1.384,1.3,1.21,1.82,5,TRY,FALSE,Groundcover,groundcover,0.3,99,0,0.2,64.4,150,,category default
325,Phyllostachys bambusoides,,11.6,11.6,11.6,11.6,2,"ORNL, TRY",FALSE,Bamboo,round,15,5,2,9.8,3.2,1000,,category default
326,Phyllostachys pubescens,,5.45,5.45,2.88,8.02,4,"ORNL, TRY",FALSE,Bamboo,round,15,5,2,9.8,3.2,1000,,category default
327,Sasa tokugawana,,5.3,5.3,5.3,5.3,2,"ORNL, TRY",FALSE,Bamboo,round,15,5,2,9.8,3.2,1000,,category default
328,Sasa nikkoensis,,5.2,5.2,5.2,5.2,2,"ORNL, TRY",FALSE,Bamboo,round,15,5,2,9.8,3.2,1000,,category default
329,Dendrocalamus strictus,,5.08,5.08,5.08,5.08,2,"ORNL, TRY",FALSE,Bamboo,round,15,5,2,9.8,3.2,1000,,category default
330,Sasa nipponica,,4.7,4.7,4.7,4.7,2,"ORNL, TRY",FALSE,Bamboo,round,15,5,2,9.8,3.2,1000,,category default
331,Sasa oseana,,4.7,4.7,4.7,4.7,2,"ORNL, TRY",FALSE,Bamboo,round,15,5,2,9.8,3.2,1000,,category default
332,Sasa kurilensis,,3.725,3.725,2.15,5.3,4,"ORNL, TRY",FALSE,Bamboo,round,15,5,2,9.8,3.2,1000,,category default
333,Sasa senanensis,,3.25,3.25,3.25,3.25,2,"ORNL, TRY",FALSE,Bamboo,round,15,5,2,9.8,3.2,1000,,category default
334,Bruguiera conjugata,,7.6,7.6,6.5,8.7,4,"ORNL, TRY",FALSE,Mangrove,round,15,5,2,9.8,3.2,1000,,category default
335,Rhizophora mucronata,,5.4,5.4,5.4,5.4,2,"ORNL, TRY",FALSE,Mangrove,round,15,5,2,9.8,3.2,1000,,category default
336,Sonneratia apetala,,5.14,5.14,5.14,5.14,2,"ORNL, TRY",FALSE,Mangrove,round,15,5,2,9.8,3.2,1000,,category default
337,Laguncularia racemosa,,4.69,4.535,4.4,5.29,8,"ORNL, TRY",FALSE,Mangrove,round,15,5,2,9.8,3.2,1000,,category default
338,Rhizophora mangle,,4.41,4.4,2.91,5.86,30,"ORNL, TRY",FALSE,Mangrove,round,15,5,2,9.8,3.2,1000,,category default
339,Rhizophora apiculata,,4.147,4.16,3.36,4.93,16,"ORNL, TRY",FALSE,Mangrove,round,15,5,2,9.8,3.2,1000,,category default
340,Kandelia obovata,,3.17,3.17,3.17,3.17,2,"ORNL, TRY",FALSE,Mangrove,round,15,5,2,9.8,3.2,1000,,category default
341,Kandelia candel,,2.57,2.57,0.64,4.5,4,"ORNL, TRY",FALSE,Mangrove,round,15,5,2,9.8,3.2,1000,,category default
342,Avicennia germinans,,2.18,2.18,1.61,2.75,4,"ORNL, TRY",FALSE,Mangrove,round,15,5,2,9.8,3.2,1000,,category default
343,Avicennia marina,,1.834,1.1,0.56,3.45,10,"ORNL, TRY",FALSE,Mangrove,round,15,5,2,9.8,3.2,1000,,category default
344,Elaeis guineensis,,4.65,4.605,3.81,5.58,8,"ORNL, TRY",FALSE,Palm,round,15,5,2,9.8,3.2,1000,,category default
345,Tropical moist forest (395 spp.),,22.4,22.4,22.4,22.4,2,"ORNL, TRY",TRUE,Generic-Benchmark,round,15,5,2,9.8,3.2,1000,,category default
346,Cecropia spp.,,14.05,14.05,11.6,16.5,4,"ORNL, TRY",FALSE,Generic-Benchmark,round,15,5,2,9.8,3.2,1000,,category default
347,Evergreen broadleaf species,,11.82,11.82,11.82,11.82,2,"ORNL, TRY",FALSE,Generic-Benchmark,round,15,5,2,9.8,3.2,1000,,category default
348,Deciduous and evergreen species belonging to the Guineo-Conglian phytochorion,,9.105,9.105,8.97,9.24,4,"ORNL, TRY",FALSE,Generic-Benchmark,round,15,5,2,9.8,3.2,1000,,category default
349,Dipterocarp species,,7.27,7.27,7.27,7.27,2,"ORNL, TRY",TRUE,Generic-Benchmark,round,15,5,2,9.8,3.2,1000,,category default
350,Deciduous,,6.98,6.98,6.98,6.98,2,"ORNL, TRY",FALSE,Generic-Benchmark,round,15,5,2,9.8,3.2,1000,,category default
351,Dense coniferous,,6.74,6.74,6.74,6.74,2,"ORNL, TRY",FALSE,Generic-Benchmark,round,15,5,2,9.8,3.2,1000,,category default
352,Tropical rain forest species,,6.49,6.49,6.49,6.49,2,"ORNL, TRY",TRUE,Generic-Benchmark,round,15,5,2,9.8,3.2,1000,,category default
353,Tropical tree species,,6.26,6.2,6,6.7,10,"ORNL, TRY",TRUE,Generic-Benchmark,round,15,5,2,9.8,3.2,1000,,category default
354,Tropical forest tree species,,6.21,6.6,4.92,7.11,6,"ORNL, TRY",TRUE,Generic-Benchmark,round,15,5,2,9.8,3.2,1000,,category default
355,Tropical rainforest (1053 species),,6.125,6.125,5.85,6.4,4,"ORNL, TRY",TRUE,Generic-Benchmark,round,15,5,2,9.8,3.2,1000,,category default
356,Moist tropical tree species,,6.07,6.07,6.07,6.07,2,"ORNL, TRY",TRUE,Generic-Benchmark,round,15,5,2,9.8,3.2,1000,,category default
357,Moist tropical evergreen forest,,5.6,5.6,5.6,5.6,2,"ORNL, TRY",TRUE,Generic-Benchmark,round,15,5,2,9.8,3.2,1000,,category default
358,Tropical moist forest,,5.41,5.41,5.41,5.41,2,"ORNL, TRY",TRUE,Generic-Benchmark,round,15,5,2,9.8,3.2,1000,,category default
359,Calamus spp.,,5.4,5.4,5.4,5.4,2,"ORNL, TRY",FALSE,Generic-Benchmark,round,15,5,2,9.8,3.2,1000,,category default
360,Aspidosperma spp. (198 species in 4 ha),,5.2,5.2,5.2,5.2,2,"ORNL, TRY",FALSE,Generic-Benchmark,round,15,5,2,9.8,3.2,1000,,category default
361,Natural tropical cloud forest,,5.19,4.96,4.52,6.09,6,"ORNL, TRY",TRUE,Generic-Benchmark,round,15,5,2,9.8,3.2,1000,,category default
362,Micranda sprucei (total 59 species),,5.1,5.1,4.4,5.8,4,"ORNL, TRY",FALSE,Generic-Benchmark,round,15,5,2,9.8,3.2,1000,,category default
363,Pinus spp.,,4.87,4.87,4.87,4.87,2,"ORNL, TRY",FALSE,Generic-Benchmark,conical,20,4,3,13,2.6,1000,,category default
364,1176 tree species,,4.7,4.7,4.7,4.7,1,ORNL,FALSE,Generic-Benchmark,round,15,5,2,9.8,3.2,1000,,category default
365,Pinus (heath),,4.7,4.7,4.7,4.7,2,"ORNL, TRY",FALSE,Generic-Benchmark,conical,20,4,3,13,2.6,1000,,category default
366,Riparian forests,,4.51,4.51,4.51,4.51,2,"ORNL, TRY",FALSE,Generic-Benchmark,round,15,5,2,9.8,3.2,1000,,category default
367,Cupressus spp.,,4.49,4.49,4.49,4.49,2,"ORNL, TRY",FALSE,Generic-Benchmark,conical,20,4,3,13,2.6,1000,,category default
368,Alder,,4.35,4.35,4.26,4.44,4,"ORNL, TRY",FALSE,Generic-Benchmark,round,15,5,2,9.8,3.2,1000,,category default
369,Maple,,3.935,3.935,3.5,4.37,4,"ORNL, TRY",FALSE,Generic-Benchmark,round,15,5,2,9.8,3.2,1000,,category default
370,Deciduous northern temperate tree species,,3.82,3.82,3.82,3.82,2,"ORNL, TRY",FALSE,Generic-Benchmark,round,15,5,2,9.8,3.2,1000,,category default
371,57 species mix,,3.6,3.6,3.6,3.6,1,ORNL,FALSE,Generic-Benchmark,round,15,5,2,9.8,3.2,1000,,category default
372,Shurb,,3.58,3.58,3.58,3.58,2,"ORNL, TRY",FALSE,Generic-Benchmark,round,15,5,2,9.8,3.2,1000,,category default
373,Eucalyptus spp.,,3.005,3.005,2,4.01,4,"ORNL, TRY",TRUE,Generic-Benchmark,round,15,5,2,9.8,3.2,1000,,category default
374,Betula spp.,,2.817,1.6,1.16,5.69,6,"ORNL, TRY",FALSE,Generic-Benchmark,round,15,5,2,9.8,3.2,1000,,category default
375,Savanna trees species,,2.805,2.805,2.76,2.85,4,"ORNL, TRY",FALSE,Generic-Benchmark,round,15,5,2,9.8,3.2,1000,,category default
376,Savanna trees and shrubs species,,2.32,2.32,2.32,2.32,2,"ORNL, TRY",FALSE,Generic-Benchmark,round,15,5,2,9.8,3.2,1000,,category default
377,Evergreen forest,,2.1,2.1,2.1,2.1,2,"ORNL, TRY",FALSE,Generic-Benchmark,round,15,5,2,9.8,3.2,1000,,category default
378,Dry sclerophyll forest species,,1.48,1.48,1.48,1.48,2,"ORNL, TRY",FALSE,Generic-Benchmark,round,15,5,2,9.8,3.2,1000,,category default
379,Salix spp.,,1.063,0.99,0.81,1.39,6,"ORNL, TRY",FALSE,Generic-Benchmark,spreading,12,7,2,7.8,4.5,1000,,category default
380,Larix spp.,,0.868,0.47,0.23,2.68,10,"ORNL, TRY",FALSE,Generic-Benchmark,conical,20,4,3,13,2.6,1000,,category default
381,Not described,,0.685,0.64,0.13,1.67,22,"ORNL, TRY",FALSE,Generic-Benchmark,round,15,5,2,9.8,3.2,1000,,category default
382,Ericaceous vegetation,,0.11,0.11,0.11,0.11,2,"ORNL, TRY",FALSE,Generic-Benchmark,round,15,5,2,9.8,3.2,1000,,category default
383,"Pseudotsuga menziesii, Tsuga heterophylla, Abies amabilis",,22,22,22,22,2,"ORNL, TRY",FALSE,Multi-Species,conical,20,4,3,13,2.6,1000,,category default
384,"Pseudotsuga menziesii, Abies grandis",,18,18,18,18,2,"ORNL, TRY",FALSE,Multi-Species,conical,20,4,3,13,2.6,1000,,category default
385,"Abies magnifica, Abies concolor",,16.015,16.015,15.58,16.45,4,"ORNL, TRY",FALSE,Multi-Species,conical,20,4,3,13,2.6,1000,,category default
386,"Abies concolor, Pseudotsuga menziesii",,15.5,15.5,15.5,15.5,2,"ORNL, TRY",FALSE,Multi-Species,conical,20,4,3,13,2.6,1000,,category default
387,"Padburggea pubescens, Eugenia clarkeana",,12.3,12.3,12.3,12.3,4,"ORNL, TRY",FALSE,Multi-Species,round,15,5,2,9.8,3.2,1000,,category default
388,"Dipterocarpus alatus, Mangifera caloneura, Gymnosporia spp.",,12.1,12.1,12.1,12.1,2,"ORNL, TRY",TRUE,Multi-Species,round,15,5,2,9.8,3.2,1000,,category default
389,"Abies grandis, Thuja plicata, Pseudotsuga menziesii",,11.68,11.68,11.68,11.68,2,"ORNL, TRY",FALSE,Multi-Species,conical,20,4,3,13,2.6,1000,,category default
390,"Tsuga heterophylla, Pseudotusga menziesii",,11.58,11.58,11.58,11.58,2,"ORNL, TRY",FALSE,Multi-Species,conical,20,4,3,13,2.6,1000,,category default
391,"Quercus phillyraeoides, Rapanaea neriifolia",,11.3,10.5,9.6,13.8,6,"ORNL, TRY",FALSE,Multi-Species,round,15,5,2,9.8,3.2,1000,,category default
392,"Abies fabri, Picea brachytyla, Tsuga chinesis, Acer sp., Betula sp.",,10.31,10.31,10.31,10.31,2,"ORNL, TRY",FALSE,Multi-Species,conical,20,4,3,13,2.6,1000,,category default
393,"Abies fabri, Populus purdomii",,10.17,10.17,10.17,10.17,2,"ORNL, TRY",FALSE,Multi-Species,conical,20,4,3,13,2.6,1000,,category default
394,"Pseudotsuga menziesii, Pinus ponderosa",,9.93,9.93,9.93,9.93,2,"ORNL, TRY",FALSE,Multi-Species,conical,20,4,3,13,2.6,1000,,category default
395,"Micarandra sprucei, Eperua zapatero?",,9.78,9.78,9.78,9.78,2,"ORNL, TRY",FALSE,Multi-Species,round,15,5,2,9.8,3.2,1000,,category default
396,"Abies veitchii, Abies mariesii",,9.033,8.2,5.5,12.8,18,"ORNL, TRY",FALSE,Multi-Species,conical,20,4,3,13,2.6,1000,,category default
397,"Pseudotsuga menziesii, Tsuga heterophylla, Thuja plicata",,8.917,9.1,7.2,10.7,12,"ORNL, TRY",FALSE,Multi-Species,conical,20,4,3,13,2.6,1000,,category default
398,"Larix occidentalis, Pinus monticola",,8.86,8.86,8.86,8.86,2,"ORNL, TRY",FALSE,Multi-Species,conical,20,4,3,13,2.6,1000,,category default
399,"Quercus acuta,  Shiia sieboldii, Quercus stenophylla, Distylium racemosum",,8.75,8.75,8.75,8.75,2,"ORNL, TRY",FALSE,Multi-Species,round,15,5,2,9.8,3.2,1000,,category default
400,"Tsuga mertensiana, Pseudotsuga menziesii",,8.7,8.7,8.7,8.7,2,"ORNL, TRY",FALSE,Multi-Species,conical,20,4,3,13,2.6,1000,,category default
401,"Eperua falcata, Vouacapoua americana, Dicorynia guianensis, Carapa procera",,8.6,8.6,8.6,8.6,2,"ORNL, TRY",FALSE,Multi-Species,round,15,5,2,9.8,3.2,1000,,category default
402,"Taxodium distichum, Fraxinus caroliniana",,8.5,8.5,8.5,8.5,2,"ORNL, TRY",FALSE,Multi-Species,conical,20,4,3,13,2.6,1000,,category default
403,"Quercus serrata, Carpinus tschonoskii",,8.34,8.34,8.34,8.34,2,"ORNL, TRY",FALSE,Multi-Species,round,15,5,2,9.8,3.2,1000,,category default
404,"Tsuga heterophylla, Pseudotsuga menziesii",,8.3,8.3,8.3,8.3,2,"ORNL, TRY",FALSE,Multi-Species,conical,20,4,3,13,2.6,1000,,category default
405,"Quercus glauca, Quercus salicina, Quercus acuta, Camellia japonica",,8.2,8.2,7.5,8.9,6,"ORNL, TRY",FALSE,Multi-Species,round,15,5,2,9.8,3.2,1000,,category default
406,"Liriodendron tulipifera, Quercus prinus, Quercus rubra, Quercus alba, Quercus velutina etc.",,8.062,7.7,5.4,10.7,16,"ORNL, TRY",FALSE,Multi-Species,round,15,5,2,9.8,3.2,1000,,category default
407,"Acer saccharum, Tilia americana, Populus tremuloides",,8,8,8,8,2,"ORNL, TRY",FALSE,Multi-Species,round,15,5,2,9.8,3.2,1000,,category default
408,"Pinus monticola, Larix occidentalis",,7.99,7.99,7.99,7.99,2,"ORNL, TRY",FALSE,Multi-Species,conical,20,4,3,13,2.6,1000,,category default
409,"Pseudotsuga menziesii, Pinus monticola",,7.97,7.97,7.97,7.97,2,"ORNL, TRY",FALSE,Multi-Species,conical,20,4,3,13,2.6,1000,,category default
410,"Quercus serrata, Ilex pedunculosa",,7.8,7.8,7.8,7.8,2,"ORNL, TRY",FALSE,Multi-Species,round,15,5,2,9.8,3.2,1000,,category default
411,"Carpinus betulus, Fagus sylvatica, Quercus petraea, Tilia cordata",,7.8,7.8,7.8,7.8,2,"ORNL, TRY",FALSE,Multi-Species,round,15,5,2,9.8,3.2,1000,,category default
412,"Quercus crispula, Betula ermanii, Betula platyphylla, Abies sachalinensis, Picea jezoensis",,7.8,7.8,7.8,7.8,2,"ORNL, TRY",FALSE,Multi-Species,round,15,5,2,9.8,3.2,1000,,category default
413,"Quercus gilva, Castanopsis cuspidata",,7.773,8.11,6.93,8.28,6,"ORNL, TRY",FALSE,Multi-Species,round,15,5,2,9.8,3.2,1000,,category default
414,"Clethra barbinervis, Prunus Verecunda, Cinnamomum camphora, Eurya japonica",,7.6,7.6,7.6,7.6,2,"ORNL, TRY",FALSE,Multi-Species,round,15,5,2,9.8,3.2,1000,,category default
415,"Pinus ponderosa, Pinus strobiformis",,7.6,7.6,7.6,7.6,2,"ORNL, TRY",FALSE,Multi-Species,conical,20,4,3,13,2.6,1000,,category default
416,"Dacyodes excelsa, Sloanea beteriana, Manilkara bidentata et al.",,7.34,7.34,7.34,7.34,2,"ORNL, TRY",FALSE,Multi-Species,round,15,5,2,9.8,3.2,1000,,category default
417,"Abies amabilis, Thuja plicata, Puseudotsuga menziesii",,7.32,7.45,4.1,10.14,13,"ORNL, TRY",FALSE,Multi-Species,conical,20,4,3,13,2.6,1000,,category default
418,"Trichilia tuberculata, Ceiba pentandra, Pseudobombax septenatum, Spondias mombin, Virola surinamensis, Anacardium excelsum",,7.25,7.25,7.25,7.25,2,"ORNL, TRY",FALSE,Multi-Species,round,15,5,2,9.8,3.2,1000,,category default
419,"Betula ermanii, Quercus crispula",,7.21,7.21,7.21,7.21,2,"ORNL, TRY",FALSE,Multi-Species,round,15,5,2,9.8,3.2,1000,,category default
420,"Quercus petraea, Quercus robur, Fagus sylvatica",,7.11,7.11,7.11,7.11,2,"ORNL, TRY",FALSE,Multi-Species,round,15,5,2,9.8,3.2,1000,,category default
421,"Tilia cordata, Tilia platyphyllos, Fagus sylvatica",,7.1,7.1,7.1,7.1,2,"ORNL, TRY",FALSE,Multi-Species,round,15,5,2,9.8,3.2,1000,,category default
422,"Dacrydium sp., Tristania sp., et al.",,7.1,7.1,7.1,7.1,2,"ORNL, TRY",FALSE,Multi-Species,round,15,5,2,9.8,3.2,1000,,category default
423,"Liriodendron tulipifera, Fagus grandifolia, Carya tomentosa",,7,7,7,7,2,"ORNL, TRY",FALSE,Multi-Species,round,15,5,2,9.8,3.2,1000,,category default
424,"Dialium species, Aucoumea klaineana",,7,7,7,7,2,"ORNL, TRY",FALSE,Multi-Species,round,15,5,2,9.8,3.2,1000,,category default
425,"Micarandra sprucei, Manilkara sp.",,6.965,6.965,4.47,9.46,4,"ORNL, TRY",FALSE,Multi-Species,round,15,5,2,9.8,3.2,1000,,category default
426,"Quercus rubra, Carya spp.",,6.9,6.9,6.9,6.9,2,"ORNL, TRY",FALSE,Multi-Species,round,15,5,2,9.8,3.2,1000,,category default
427,"Quercus glauca, Cinnamomum sp., Buddleja sp. et al,",,6.88,6.88,6.88,6.88,2,"ORNL, TRY",FALSE,Multi-Species,round,15,5,2,9.8,3.2,1000,,category default
428,"Fagus sylvatica, Quercus",,6.86,6.86,6.86,6.86,2,"ORNL, TRY",FALSE,Multi-Species,round,15,5,2,9.8,3.2,1000,,category default
429,"Acer saccharum, Acer rubrum, Tsuga canadensis",,6.8,6.8,6.8,6.8,2,"ORNL, TRY",FALSE,Multi-Species,round,15,5,2,9.8,3.2,1000,,category default
430,"Quercus robur, Carpinus betulus, Fagus sylvatica",,6.8,6.8,6.8,6.8,2,"ORNL, TRY",FALSE,Multi-Species,round,15,5,2,9.8,3.2,1000,,category default
431,"Pinus densata, Quercus semicarpiforlia",,6.71,6.71,6.71,6.71,4,"ORNL, TRY",FALSE,Multi-Species,conical,20,4,3,13,2.6,1000,,category default
432,"Quercus Prinus, Quercus velutina",,6.467,6,6,7.4,6,"ORNL, TRY",FALSE,Multi-Species,round,15,5,2,9.8,3.2,1000,,category default
433,"Acer rubrum, Cornus florida, Ilex opaca, Liquidambar styraciflua, Liriodendron tulipifera etc.",,6.35,6.35,5.6,7.1,4,"ORNL, TRY",FALSE,Multi-Species,round,15,5,2,9.8,3.2,1000,,category default
434,"Camellia japonica, Machilus thunbergii",,6.3,6.3,6.3,6.3,2,"ORNL, TRY",FALSE,Multi-Species,round,15,5,2,9.8,3.2,1000,,category default
435,"Acer saccharum, Tilia americana",,6.3,6.3,5.5,7.1,4,"ORNL, TRY",FALSE,Multi-Species,round,15,5,2,9.8,3.2,1000,,category default
436,"Pinus, Fagus sylvatica",,6.27,6.27,6.27,6.27,2,"ORNL, TRY",FALSE,Multi-Species,round,15,5,2,9.8,3.2,1000,,category default
437,"Phoebe chinesis, Lithocarpus cleistocarpus, Acer sp., Populus purdomii",,6.23,6.23,6.23,6.23,2,"ORNL, TRY",FALSE,Multi-Species,round,15,5,2,9.8,3.2,1000,,category default
438,"Shorea macroptera, Shorea beccariana, Shorea acuta, Dipterocarpus glabosus, Dryobalanops aromatica",,6.2,6.2,6.2,6.2,2,"ORNL, TRY",TRUE,Multi-Species,round,15,5,2,9.8,3.2,1000,,category default
439,"Quercus alba, Quercus rubra, Quercus marilandica",,6.136,6.1,4.5,7.4,22,"ORNL, TRY",FALSE,Multi-Species,round,15,5,2,9.8,3.2,1000,,category default
440,"Quercus petraea, Quercus robur",,6.113,6.61,3.81,7.05,22,"ORNL, TRY",FALSE,Multi-Species,round,15,5,2,9.8,3.2,1000,,category default
441,"Picea abies, Fagus sylvatica",,6.1,6,5.7,6.6,6,"ORNL, TRY",FALSE,Multi-Species,conical,20,4,3,13,2.6,1000,,category default
442,"Rhododendron catawbiense, Gaylyssacia baccata",,6.08,6.08,6.08,6.08,2,"ORNL, TRY",FALSE,Multi-Species,round,15,5,2,9.8,3.2,1000,,category default
443,"Quercus glauca, Quercus salicina, Camellia japonica",,6.073,6.07,5.52,6.63,6,"ORNL, TRY",FALSE,Multi-Species,round,15,5,2,9.8,3.2,1000,,category default
444,"Pentaclethra macroloba, Palms, other trees, Lianas",,6,6,6,6,2,"ORNL, TRY",TRUE,Multi-Species,round,15,5,2,9.8,3.2,1000,,category default
445,"Quercus sp., Carya sp., Acer sp.",,6,6,6,6,2,"ORNL, TRY",FALSE,Multi-Species,round,15,5,2,9.8,3.2,1000,,category default
446,"Pometia tomentosa,Terminalia myriocarpa, Barringtonia macrostachya",,6,6,6,6,2,"ORNL, TRY",TRUE,Multi-Species,round,15,5,2,9.8,3.2,1000,,category default
447,"Thuja plicata, Pseudotsuga menziesii, Tsuga heterophylla",,5.957,5.5,1.5,11.4,56,"ORNL, TRY",FALSE,Multi-Species,conical,20,4,3,13,2.6,1000,,category default
448,"Fagus grandifolia, Acer saccharum, Betula alleghaniensis",,5.95,5.95,5.95,5.95,2,"ORNL, TRY",FALSE,Multi-Species,round,15,5,2,9.8,3.2,1000,,category default
449,"Acer saccharum, Quercus rubra, Betula papyrifera",,5.9,5.9,5.9,5.9,2,"ORNL, TRY",FALSE,Multi-Species,round,15,5,2,9.8,3.2,1000,,category default
450,"Betula papyrifera, Acer saccharum, Populus tremuloides",,5.9,5.9,5.9,5.9,2,"ORNL, TRY",FALSE,Multi-Species,round,15,5,2,9.8,3.2,1000,,category default
451,"Acer rubrum, Quercus Prinus",,5.85,5.85,4.5,7.2,4,"ORNL, TRY",FALSE,Multi-Species,round,15,5,2,9.8,3.2,1000,,category default
452,"Fagus grandifolia, Acer saccharum, Betula lutea",,5.85,5.85,5.5,6.2,4,"ORNL, TRY",FALSE,Multi-Species,round,15,5,2,9.8,3.2,1000,,category default
453,"Meliaceae, Lauraceae, Sapotaceae, Fagaceae (63 species)",,5.733,6,4.3,6.5,12,"ORNL, TRY",FALSE,Multi-Species,round,15,5,2,9.8,3.2,1000,,category default
454,"Fagus crenata, Carpinus laxiflora, Acer sieboldianum etc.",,5.723,5.78,4.82,6.51,8,"ORNL, TRY",FALSE,Multi-Species,round,15,5,2,9.8,3.2,1000,,category default
455,"Dipterocarpus obtusifolius, Lagerstroemia calyculata et al.",,5.7,5.7,5.7,5.7,2,"ORNL, TRY",TRUE,Multi-Species,round,15,5,2,9.8,3.2,1000,,category default
456,"Carpinus orientalis, Quercus pubescentis",,5.7,5.7,5.7,5.7,2,"ORNL, TRY",FALSE,Multi-Species,round,15,5,2,9.8,3.2,1000,,category default
457,"Acer saccharum, Betula lutea, Fagus grandifolia",,5.7,5.7,5.7,5.7,2,"ORNL, TRY",FALSE,Multi-Species,round,15,5,2,9.8,3.2,1000,,category default
458,"Cyrilla racemiflora, Clethra occidentalis, Podocarpus urbanii Pilger, Hedyosmum arborescen",,5.7,5.7,5.7,5.7,2,"ORNL, TRY",FALSE,Multi-Species,round,15,5,2,9.8,3.2,1000,,category default
459,"Fagus sylvatica, Quercus robur, Ilex aquifolium",,5.7,5.7,5.7,5.7,2,"ORNL, TRY",FALSE,Multi-Species,round,15,5,2,9.8,3.2,1000,,category default
460,"Picea engelmannii, Abies lasiocarpa",,5.683,5.145,4.34,8.75,12,"ORNL, TRY",FALSE,Multi-Species,conical,20,4,3,13,2.6,1000,,category default
461,"Combretocarpus rotundatus, Cratoxylum arborescens, Buchanania sessifolia, Tetramerista glabra",,5.6,5.6,5.6,5.6,2,"ORNL, TRY",FALSE,Multi-Species,round,15,5,2,9.8,3.2,1000,,category default
462,"Quercus sp., Carya sp.",,5.6,5.6,5.6,5.6,2,"ORNL, TRY",FALSE,Multi-Species,round,15,5,2,9.8,3.2,1000,,category default
463,"Quercus rubra, Acer saccharum, Acer rubrum",,5.6,5.6,5.6,5.6,2,"ORNL, TRY",FALSE,Multi-Species,round,15,5,2,9.8,3.2,1000,,category default
464,"Quercus sp., Machilus edulis, Cinnamomum sp. et al.",,5.6,5.6,5.6,5.6,2,"ORNL, TRY",FALSE,Multi-Species,round,15,5,2,9.8,3.2,1000,,category default
465,"Micarandra sprucei, Manilkara sp., Eperua leucantha",,5.58,5.58,5.58,5.58,2,"ORNL, TRY",FALSE,Multi-Species,round,15,5,2,9.8,3.2,1000,,category default
466,"Elateriospermum tapos, Anisoptera laevis, Parashorea lucida, Shorea retinoides",,5.5,5.5,5.5,5.5,2,"ORNL, TRY",TRUE,Multi-Species,round,15,5,2,9.8,3.2,1000,,category default
467,"Quercus robur, Fagus sylvatica",,5.5,5.5,5.5,5.5,2,"ORNL, TRY",FALSE,Multi-Species,round,15,5,2,9.8,3.2,1000,,category default
468,"Quercus rubra, Acer rubrum",,5.5,5.5,5.5,5.5,2,"ORNL, TRY",FALSE,Multi-Species,round,15,5,2,9.8,3.2,1000,,category default
469,"Populus tremuloides, Betula papyrifera, Acer rubrum. Acer saccharum",,5.5,5.5,5.5,5.5,2,"ORNL, TRY",FALSE,Multi-Species,round,15,5,2,9.8,3.2,1000,,category default
470,"Cyrilla racemiflora, Lyonia octandra, Chaetocarpus globosus",,5.5,5.5,5.5,5.5,2,"ORNL, TRY",FALSE,Multi-Species,round,15,5,2,9.8,3.2,1000,,category default
471,"Sapotaceae, Fabaceae, Violaceae, Chrysobalanacae spp. (over 100 species)",,5.45,5.45,5.39,5.51,4,"ORNL, TRY",FALSE,Multi-Species,round,15,5,2,9.8,3.2,1000,,category default
472,"Shorea conica, Shorea gibbosa",,5.4,5.4,5.4,5.4,2,"ORNL, TRY",TRUE,Multi-Species,round,15,5,2,9.8,3.2,1000,,category default
473,"Picea mariana, Pinus banksiana",,5.4,5.4,5.3,5.5,4,"ORNL, TRY",TRUE,Multi-Species,conical,20,4,3,13,2.6,1000,,category default
474,"Larix occidentalis, Pinus ponderosa",,5.4,5.4,5.4,5.4,2,"ORNL, TRY",FALSE,Multi-Species,conical,20,4,3,13,2.6,1000,,category default
475,"Thouinidium decandrum, Guapira macrocarpa, Astronium graveolens, Trichilia trifolia, Casearia corymbosa",,5.4,5.4,5.4,5.4,2,"ORNL, TRY",FALSE,Multi-Species,round,15,5,2,9.8,3.2,1000,,category default
476,"Quercus robur, Acer pseudoplatanus",,5.3,5.3,5.3,5.3,2,"ORNL, TRY",FALSE,Multi-Species,round,15,5,2,9.8,3.2,1000,,category default
477,"Picea sitchensis, Tsuga heterophylla",,5.3,5.3,5.3,5.3,2,"ORNL, TRY",FALSE,Multi-Species,conical,20,4,3,13,2.6,1000,,category default
478,"Vaccinium myrtillus, Vaccinium uliginosum",,5.3,5.3,5.3,5.3,2,"ORNL, TRY",FALSE,Multi-Species,round,15,5,2,9.8,3.2,1000,,category default
479,"Quercus robur, Ilex aquifolium",,5.3,5.3,5.3,5.3,2,"ORNL, TRY",FALSE,Multi-Species,round,15,5,2,9.8,3.2,1000,,category default
480,"Pinus ponderosa, Pseudotsuga menziesii",,5.25,5.25,5.25,5.25,2,"ORNL, TRY",FALSE,Multi-Species,conical,20,4,3,13,2.6,1000,,category default
481,"Fagus sylvatica, Fraxinus",,5.21,5.21,5,5.42,4,"ORNL, TRY",FALSE,Multi-Species,round,15,5,2,9.8,3.2,1000,,category default
482,"Acer rubrum, Carya spp.",,5.2,5.2,5.2,5.2,2,"ORNL, TRY",FALSE,Multi-Species,round,15,5,2,9.8,3.2,1000,,category default
483,"Quercus Prinus, Liriodendron tulipifera",,5.2,5.2,5.2,5.2,2,"ORNL, TRY",FALSE,Multi-Species,round,15,5,2,9.8,3.2,1000,,category default
484,"Shorea macroptera, Shorea lumutensis, Shorea acuminata",,5.2,5.2,5.2,5.2,2,"ORNL, TRY",TRUE,Multi-Species,round,15,5,2,9.8,3.2,1000,,category default
485,"Quercus Prinus, Acer rubrum",,5.167,5.4,4.7,5.4,6,"ORNL, TRY",FALSE,Multi-Species,round,15,5,2,9.8,3.2,1000,,category default
486,"Quercus petraea, Fagus sylvatica",,5.13,4.8,4.49,6.1,6,"ORNL, TRY",FALSE,Multi-Species,round,15,5,2,9.8,3.2,1000,,category default
487,"Fraxinus excelsior, Acer pseudoplatanus, Tilia platyphyllos, Tilia cordata, Fagus sylvatica, Quercus robur (total 11 species)",,5.1,5.1,5.1,5.1,2,"ORNL, TRY",FALSE,Multi-Species,round,15,5,2,9.8,3.2,1000,,category default
488,"Acer saccharum, Betula papyrifera, Pinus strobus",,5.1,5.1,5.1,5.1,2,"ORNL, TRY",FALSE,Multi-Species,round,15,5,2,9.8,3.2,1000,,category default
489,"Acer saccharum, Tilia americana, Fraxinus spp.",,5.1,5.1,5.1,5.1,2,"ORNL, TRY",FALSE,Multi-Species,round,15,5,2,9.8,3.2,1000,,category default
490,"Quercus crispula, Betula platyphyla, Acer mono",,5.1,5.1,5.1,5.1,2,"ORNL, TRY",FALSE,Multi-Species,round,15,5,2,9.8,3.2,1000,,category default
491,"Couratari guianensis, Eschweilera sp., Manilkara huberi, Carapa guianensis, Sclerolobium paniculatum, Pouteria sp., Protium decandro, Licaria guianensis",,5.07,5.07,5.07,5.07,2,"ORNL, TRY",FALSE,Multi-Species,round,15,5,2,9.8,3.2,1000,,category default
492,"Alnus glutinosa, Fraxinus exelsior",,5.03,5.03,5.03,5.03,2,"ORNL, TRY",FALSE,Multi-Species,round,15,5,2,9.8,3.2,1000,,category default
493,"Protium sagotianum Marchland, Dialium guianense, Hevea brasiliensis, Brosimum lactescens, Cordia alliodora, Tovomita schomburgkii, Qualea paraensis",,5,5,5,5,2,"ORNL, TRY",FALSE,Multi-Species,round,15,5,2,9.8,3.2,1000,,category default
494,"Meliaceae, Lauraceae, Sapotaceae, Fagaceae (53 species)",,5,4.9,4.9,5.2,6,"ORNL, TRY",FALSE,Multi-Species,round,15,5,2,9.8,3.2,1000,,category default
495,"Palaquium oxleyanum, Koompassia malaccensis, Parashorea lucida",,5,5,5,5,2,"ORNL, TRY",TRUE,Multi-Species,round,15,5,2,9.8,3.2,1000,,category default
496,"Quercus ilex, Arbutus unedo, Phyllirea media",,5,5.1,4.6,5.3,6,"ORNL, TRY",FALSE,Multi-Species,round,15,5,2,9.8,3.2,1000,,category default
497,"Quercus alba, Carya tomentosa",,5,5,5,5,2,"ORNL, TRY",FALSE,Multi-Species,round,15,5,2,9.8,3.2,1000,,category default
498,"Fagus sylvatica, Fraximum excelsior",,5,5,5,5,2,"ORNL, TRY",FALSE,Multi-Species,round,15,5,2,9.8,3.2,1000,,category default
499,"Pinus koriaensis,Tilia amurensis, Quercus mongolica, Fraxinus mandshurica, Acer mino",,5,5,5,5,2,"ORNL, TRY",FALSE,Multi-Species,conical,20,4,3,13,2.6,1000,,category default
500,"Quercus rubra, Quercus alba, Quercus velutina",,5,5,5,5,2,"ORNL, TRY",FALSE,Multi-Species,round,15,5,2,9.8,3.2,1000,,category default
501,"Amaioua guianensis, Ocotea acutangula, Aspidosperma excelsum etc.",,5,5,5,5,2,"ORNL, TRY",FALSE,Multi-Species,round,15,5,2,9.8,3.2,1000,,category default
502,"Quercus rubra, Pinus resinosa, Acer rubrum",,5,5,5,5,2,"ORNL, TRY",FALSE,Multi-Species,round,15,5,2,9.8,3.2,1000,,category default
503,"Eucalyptus maculata, Ecucalyptus paniculata, Eucalyptus globoidea, Eucalyptus pilularis, Eucalyptus sieberi",,4.95,4.95,4.95,4.95,2,"ORNL, TRY",TRUE,Multi-Species,round,15,5,2,9.8,3.2,1000,,category default
504,"Acer saccharum, Liriodendron tulipifera, Quercus spp.",,4.9,4.9,4.9,4.9,2,"ORNL, TRY",FALSE,Multi-Species,round,15,5,2,9.8,3.2,1000,,category default
505,"Quercus spps, Acer rubrum, Liriodendron tulifpifera",,4.9,4.9,4.9,4.9,2,"ORNL, TRY",FALSE,Multi-Species,round,15,5,2,9.8,3.2,1000,,category default
506,"Populus tremuloides, Betula papyrifera, Acer rubrum",,4.9,4.9,4.9,4.9,2,"ORNL, TRY",FALSE,Multi-Species,round,15,5,2,9.8,3.2,1000,,category default
507,"Quercus robur, Fagus sylvatica, Ilex aquifolium",,4.9,4.9,4.9,4.9,2,"ORNL, TRY",FALSE,Multi-Species,round,15,5,2,9.8,3.2,1000,,category default
508,"Dacrycarpus cinctus, Podocarpus archboldii et al. (119 tree species)",,4.88,4.88,4.88,4.88,2,"ORNL, TRY",FALSE,Multi-Species,round,15,5,2,9.8,3.2,1000,,category default
509,"Cinnamomum camphora, Machilus thunbergii, Quercus serrata, Castanopsis cuspidate, Ulmus parvifolia, Quercus glauca",,4.8,4.8,4.8,4.8,2,"ORNL, TRY",FALSE,Multi-Species,round,15,5,2,9.8,3.2,1000,,category default
510,"Quercus stellata, Quercus marilandica",,4.8,4.8,4.8,4.8,2,"ORNL, TRY",FALSE,Multi-Species,round,15,5,2,9.8,3.2,1000,,category default
511,"Micarandra sprucei, Eperua leucantha",,4.797,5.45,3.07,5.87,6,"ORNL, TRY",FALSE,Multi-Species,round,15,5,2,9.8,3.2,1000,,category default
512,"Miconia, Tapiria",,4.79,4.79,4.79,4.79,2,"ORNL, TRY",FALSE,Multi-Species,round,15,5,2,9.8,3.2,1000,,category default
513,"Carya tomentosa, Liriodendron tulipifera",,4.7,4.7,4.7,4.7,2,"ORNL, TRY",FALSE,Multi-Species,round,15,5,2,9.8,3.2,1000,,category default
514,"Micarandra sprucei, Eperua palo amarillo?",,4.64,4.64,4.64,4.64,2,"ORNL, TRY",FALSE,Multi-Species,round,15,5,2,9.8,3.2,1000,,category default
515,"Quercus ruber, Fraxinus excelsior, Tilia sp., Acer sp., et al.",,4.6,4.6,4.6,4.6,2,"ORNL, TRY",FALSE,Multi-Species,round,15,5,2,9.8,3.2,1000,,category default
516,"Fagus sylvatica, Fraxinus excelsior",,4.6,4.6,4.6,4.6,2,"ORNL, TRY",FALSE,Multi-Species,round,15,5,2,9.8,3.2,1000,,category default
517,"Quercus robur, Quercus petraea",,4.6,4.6,4.6,4.6,2,"ORNL, TRY",FALSE,Multi-Species,round,15,5,2,9.8,3.2,1000,,category default
518,"Sabina saltuaria, Rhododendron",,4.54,4.54,4.54,4.54,2,"ORNL, TRY",FALSE,Multi-Species,round,15,5,2,9.8,3.2,1000,,category default
519,"Cinnamomum randaiense, Cryptocarya chinesis, Persea zuihoenisis, Castanopsis hystrix, Gordonia axillaris",,4.5,4.5,4.5,4.5,2,"ORNL, TRY",FALSE,Multi-Species,round,15,5,2,9.8,3.2,1000,,category default
520,"Lithocarpus, Quercus, Castanopsis sp.",,4.5,4.5,4.5,4.5,2,"ORNL, TRY",FALSE,Multi-Species,round,15,5,2,9.8,3.2,1000,,category default
521,"Bruguiera gymnorrhiza, Bruguiera sexangula, Kandelia obovata, R. stylosa",,4.48,4.48,4.48,4.48,2,"ORNL, TRY",FALSE,Multi-Species,round,15,5,2,9.8,3.2,1000,,category default
522,"Picea abies, Abies",,4.447,4.485,4.13,4.71,12,"ORNL, TRY",FALSE,Multi-Species,conical,20,4,3,13,2.6,1000,,category default
523,"Family of Melastomataceae (all), Sapotaceae, Moraceae, Mimosaceae (lower), Lauraceae, Euphorbiaceae, Clethraceae (middle), Cunoniaceae, Podocarpaceae, Cyrillaceae, Rubiaceae and Aquifoliaceae (Upper)",,4.42,5.4,2.2,6,10,"ORNL, TRY",FALSE,Multi-Species,round,15,5,2,9.8,3.2,1000,,category default
524,"Vismia, Cecropia, Miconia",,4.41,4.41,4.41,4.41,2,"ORNL, TRY",FALSE,Multi-Species,round,15,5,2,9.8,3.2,1000,,category default
525,"Quercus robur, Carpinus betulus",,4.4,4.4,4.4,4.4,2,"ORNL, TRY",FALSE,Multi-Species,round,15,5,2,9.8,3.2,1000,,category default
526,"Mallotus japonicus, Ilex chinensis",,4.4,4.4,4.4,4.4,2,"ORNL, TRY",FALSE,Multi-Species,round,15,5,2,9.8,3.2,1000,,category default
527,"Populus grandidentata, Populus tremuloides",,4.4,4.4,4.4,4.4,2,"ORNL, TRY",FALSE,Multi-Species,round,15,5,2,9.8,3.2,1000,,category default
528,"Populus tremuloides, Acer rubrum, Quercus rubra, Populus grandidentata",,4.4,4.4,4.4,4.4,2,"ORNL, TRY",FALSE,Multi-Species,round,15,5,2,9.8,3.2,1000,,category default
529,"Pinus resinosa, Pinus strobus, Acer rubrum",,4.4,4.4,4.4,4.4,2,"ORNL, TRY",FALSE,Multi-Species,conical,20,4,3,13,2.6,1000,,category default
530,"Quercus cerris, Quercus petraea",,4.4,4.4,4.4,4.4,2,"ORNL, TRY",FALSE,Multi-Species,round,15,5,2,9.8,3.2,1000,,category default
531,"Aegiceras corniculatum, Bruguiera gymnorrhiza, Kandelia obovata, R. stylosa",,4.36,4.36,4.36,4.36,2,"ORNL, TRY",FALSE,Multi-Species,round,15,5,2,9.8,3.2,1000,,category default
532,"Quercus serrata, Prunus Verecunda",,4.3,4.3,4.3,4.3,2,"ORNL, TRY",FALSE,Multi-Species,round,15,5,2,9.8,3.2,1000,,category default
533,"Quercus serrata, Clethra barbinervis",,4.3,4.3,4.3,4.3,2,"ORNL, TRY",FALSE,Multi-Species,round,15,5,2,9.8,3.2,1000,,category default
534,"Gymnantbes lucida, Exostema caribaeum, Pisonia albida (169 species)",,4.3,4.3,4.3,4.3,2,"ORNL, TRY",FALSE,Multi-Species,round,15,5,2,9.8,3.2,1000,,category default
535,"Bucida buceras, Gymnanthes lucida, Bursera simaruba",,4.2,4.2,4.2,4.2,2,"ORNL, TRY",FALSE,Multi-Species,round,15,5,2,9.8,3.2,1000,,category default
536,"Pinus contorta, Larix occidentalis, Pseudotsuga menziesii, Abies grandis",,4.2,4.2,4.2,4.2,2,"ORNL, TRY",FALSE,Multi-Species,conical,20,4,3,13,2.6,1000,,category default
537,"Pinus nigra, Fagus sylvatica",,4.1,4.1,4.1,4.1,2,"ORNL, TRY",FALSE,Multi-Species,conical,20,4,3,13,2.6,1000,,category default
538,"Laguncularia racemosa, Avicennia germinans",,4.09,4.09,4.09,4.09,2,"ORNL, TRY",FALSE,Multi-Species,round,15,5,2,9.8,3.2,1000,,category default
539,"Acer saccharum, Betula alleghaniensis",,4.09,3.16,2.81,6.3,6,"ORNL, TRY",FALSE,Multi-Species,round,15,5,2,9.8,3.2,1000,,category default
540,"Acer saccharum, Tsuga canadensis",,4.06,4.06,4.06,4.06,2,"ORNL, TRY",FALSE,Multi-Species,round,15,5,2,9.8,3.2,1000,,category default
541,"Quercus prinus, Quercus velutina, Quercus coccinia",,4.05,4.05,4.05,4.05,2,"ORNL, TRY",FALSE,Multi-Species,round,15,5,2,9.8,3.2,1000,,category default
542,"Cecropia, Laetia",,4.023,4.07,3.54,4.46,6,"ORNL, TRY",FALSE,Multi-Species,round,15,5,2,9.8,3.2,1000,,category default
543,"Castanea, Pinus",,4.01,4.01,4.01,4.01,2,"ORNL, TRY",FALSE,Multi-Species,round,15,5,2,9.8,3.2,1000,,category default
544,"Eucalyptus regnans, Acacia dealbata",,4,4,4,4,2,"ORNL, TRY",TRUE,Multi-Species,round,15,5,2,9.8,3.2,1000,,category default
545,"Schima superba, Castanopsis chinensi, Pinus massoniana",,4,4,4,4,2,"ORNL, TRY",FALSE,Multi-Species,round,15,5,2,9.8,3.2,1000,,category default
546,"Betula platyphylla, Quercus mongolica, Acer mono, Kalopanax pictus, Tilia japonica, Ulmus davidiana",,4,4,4,4,2,"ORNL, TRY",FALSE,Multi-Species,round,15,5,2,9.8,3.2,1000,,category default
547,"Fagus grandifolia, Acer saccharum, Quercus velutina, Cornus florida",,4,4,4,4,2,"ORNL, TRY",FALSE,Multi-Species,round,15,5,2,9.8,3.2,1000,,category default
548,"Betula papyrifera, Populus tremuloides",,4,4,4,4,2,"ORNL, TRY",FALSE,Multi-Species,round,15,5,2,9.8,3.2,1000,,category default
549,"Rhododendron catawbiense, Kalmia latifolia",,3.967,4.52,2.63,4.75,6,"ORNL, TRY",FALSE,Multi-Species,round,15,5,2,9.8,3.2,1000,,category default
550,"Fagus grandifolia, Acer saccharum",,3.95,4.15,3,4.5,8,"ORNL, TRY",FALSE,Multi-Species,round,15,5,2,9.8,3.2,1000,,category default
551,"Miconia, Croton",,3.94,3.94,3.94,3.94,2,"ORNL, TRY",FALSE,Multi-Species,round,15,5,2,9.8,3.2,1000,,category default
552,"Picea abies, Betula pendula",,3.91,3.91,3.91,3.91,2,"ORNL, TRY",FALSE,Multi-Species,conical,20,4,3,13,2.6,1000,,category default
553,"Pinus resinosa, Populus tremuloides",,3.9,3.9,3.9,3.9,2,"ORNL, TRY",FALSE,Multi-Species,conical,20,4,3,13,2.6,1000,,category default
554,"Micarandra sprucei, Glycoxylon inophyllum",,3.9,3.9,3.9,3.9,2,"ORNL, TRY",FALSE,Multi-Species,round,15,5,2,9.8,3.2,1000,,category default
555,"Betula pendula, Alnus sp.",,3.9,3.9,3.11,4.69,4,"ORNL, TRY",FALSE,Multi-Species,round,15,5,2,9.8,3.2,1000,,category default
556,"Acer rubrum, Acer saccharum, Betula papyrifera, Populus grandidentata, Quercus rubra",,3.86,3.86,3.86,3.86,2,"ORNL, TRY",FALSE,Multi-Species,round,15,5,2,9.8,3.2,1000,,category default
557,"Castanea sativa, Corylus avellana, Acer pseudoplatanus",,3.86,3.86,3.86,3.86,2,"ORNL, TRY",FALSE,Multi-Species,round,15,5,2,9.8,3.2,1000,,category default
558,"Vismia, Bellucia",,3.86,3.86,3.86,3.86,2,"ORNL, TRY",FALSE,Multi-Species,round,15,5,2,9.8,3.2,1000,,category default
559,"Lonicera tibetica, Artemisia gmelinii",,3.83,3.83,3.83,3.83,2,"ORNL, TRY",FALSE,Multi-Species,round,15,5,2,9.8,3.2,1000,,category default
560,"Guapira macrocarpa, Lonchocarpus eriocarnalis, Plumeria rubra, Piptadenia constricta, Bursera instabilis",,3.8,3.8,3.8,3.8,2,"ORNL, TRY",TRUE,Multi-Species,columnar,20,1.5,2,13,1,1000,,category default
561,"Pinus contorta, Picea glauca, Populus tremuloides, Populus balsamifera",,3.79,3.79,3.79,3.79,2,"ORNL, TRY",FALSE,Multi-Species,conical,20,4,3,13,2.6,1000,,category default
562,"Quercus alba, Quercus coccinea",,3.79,3.79,3.79,3.79,2,"ORNL, TRY",FALSE,Multi-Species,round,15,5,2,9.8,3.2,1000,,category default
563,"Dipterocarpus obtusifolius, Shorea obtusa et al.",,3.775,3.775,2.65,4.9,4,"ORNL, TRY",TRUE,Multi-Species,round,15,5,2,9.8,3.2,1000,,category default
564,"Vismia, Cecropia",,3.71,3.71,3.71,3.71,2,"ORNL, TRY",FALSE,Multi-Species,round,15,5,2,9.8,3.2,1000,,category default
565,"Anogeissus latifolia, Diospyros melanoxylon, Buchanania lanzan, Pterocarpus marsupium et al.",,3.705,3.705,3.65,3.76,4,"ORNL, TRY",TRUE,Multi-Species,round,15,5,2,9.8,3.2,1000,,category default
566,"Quercus ilex, Pinus halepensis",,3.7,3.7,3.5,3.9,4,"ORNL, TRY",FALSE,Multi-Species,round,15,5,2,9.8,3.2,1000,,category default
567,"Pinus chihuahuana, Pinus ponderosa, Quercus hypoleucoides, Quercus arizonica",,3.7,3.7,3.7,3.7,2,"ORNL, TRY",FALSE,Multi-Species,conical,20,4,3,13,2.6,1000,,category default
568,"Leguminosae combination (Parkia multijuga, Dinizia excelsa, Dalbergia nigra)",,3.7,3.7,3.7,3.7,2,"ORNL, TRY",FALSE,Multi-Species,round,15,5,2,9.8,3.2,1000,,category default
569,"Dipterocarpaceae, Myrtaceae, Podocarpaceae family (the conposition varied with altitude)",,3.637,3.7,1.6,5.6,16,"ORNL, TRY",TRUE,Multi-Species,round,15,5,2,9.8,3.2,1000,,category default
570,"Rhododendron tymifolium, Potentilla fruticosa",,3.6,3.6,3.6,3.6,2,"ORNL, TRY",FALSE,Multi-Species,round,15,5,2,9.8,3.2,1000,,category default
571,"Fagus grandifolia, Acer saccharum, Betula alleghaniensis, Acer rubrum, Betula papyrifera",,3.6,3.6,3.6,3.6,2,"ORNL, TRY",FALSE,Multi-Species,round,15,5,2,9.8,3.2,1000,,category default
572,"Pinus elliottii, Pinus massoniana, Cunnighamia lanceolata",,3.6,3.6,3.6,3.6,2,"ORNL, TRY",FALSE,Multi-Species,conical,20,4,3,13,2.6,1000,,category default
573,"Cecropia sp., Clusia sp., Miconia sp., Psychotria sp. etc.",,3.6,3.6,3.6,3.6,2,"ORNL, TRY",FALSE,Multi-Species,round,15,5,2,9.8,3.2,1000,,category default
574,"Alnus glutinosa, Betulab pendula",,3.6,3.6,3.6,3.6,2,"ORNL, TRY",FALSE,Multi-Species,round,15,5,2,9.8,3.2,1000,,category default
575,"Populus grandidentata, Acer rubrum, Quercus rubra, Populus tremuloides",,3.59,3.59,3.59,3.59,2,"ORNL, TRY",FALSE,Multi-Species,round,15,5,2,9.8,3.2,1000,,category default
576,"Pinus sylvestris, Picea abies",,3.567,3.6,1.49,5.4,16,"ORNL, TRY",FALSE,Multi-Species,conical,20,4,3,13,2.6,1000,,category default
577,"Populus tremuloides, Populus grandidentata",,3.551,3.43,1.29,5.68,66,"ORNL, TRY",FALSE,Multi-Species,round,15,5,2,9.8,3.2,1000,,category default
578,"Pinus halepensis, Quercus ilex",,3.5,3.5,3.5,3.5,2,"ORNL, TRY",FALSE,Multi-Species,conical,20,4,3,13,2.6,1000,,category default
579,"Abies sibirica, Picea obovata",,3.5,3.5,3.5,3.5,2,"ORNL, TRY",FALSE,Multi-Species,conical,20,4,3,13,2.6,1000,,category default
580,"Quercus rubra, Quercus alba",,3.5,3.5,3.5,3.5,2,"ORNL, TRY",FALSE,Multi-Species,round,15,5,2,9.8,3.2,1000,,category default
581,"Ilex pedunculosa, Symplocos prunifolia, Quercus serrata, Evodiopanax innovans",,3.5,3.5,3.5,3.5,2,"ORNL, TRY",FALSE,Multi-Species,round,15,5,2,9.8,3.2,1000,,category default
582,"Acer platanoides, Tilia cordata, Qercus robur",,3.5,3.5,3.5,3.5,2,"ORNL, TRY",FALSE,Multi-Species,round,15,5,2,9.8,3.2,1000,,category default
583,"Pinus muricata, Pinus radiata, Pinus nigra?",,3.5,3.5,3.5,3.5,2,"ORNL, TRY",FALSE,Multi-Species,conical,20,4,3,13,2.6,1000,,category default
584,"Acer saccharum, Fagus grandifolia",,3.48,3.52,3.34,3.58,6,"ORNL, TRY",FALSE,Multi-Species,round,15,5,2,9.8,3.2,1000,,category default
585,"Acer saccharum, Fraxinus americana",,3.47,3.47,3.47,3.47,2,"ORNL, TRY",FALSE,Multi-Species,round,15,5,2,9.8,3.2,1000,,category default
586,"Quercus rubra, Quercus alba, Quercus prinus, Quercus velutina",,3.4,3.4,3.4,3.4,2,"ORNL, TRY",FALSE,Multi-Species,round,15,5,2,9.8,3.2,1000,,category default
587,"Picea glehnii, Betula platyphylla",,3.4,3.4,3.4,3.4,2,"ORNL, TRY",FALSE,Multi-Species,conical,20,4,3,13,2.6,1000,,category default
588,"Quercus alba, Cornus florida",,3.4,3.4,3.4,3.4,2,"ORNL, TRY",FALSE,Multi-Species,round,15,5,2,9.8,3.2,1000,,category default
589,"Betula papyrifera, Fagus grandifolia",,3.39,3.39,3.39,3.39,2,"ORNL, TRY",FALSE,Multi-Species,round,15,5,2,9.8,3.2,1000,,category default
590,"Eucalyptus nitens, Acacia dealbata",,3.35,3.55,2.3,4,12,"ORNL, TRY",TRUE,Multi-Species,round,15,5,2,9.8,3.2,1000,,category default
591,"Quercus rubra, Fagus grandifolia",,3.35,3.35,3.35,3.35,2,"ORNL, TRY",FALSE,Multi-Species,round,15,5,2,9.8,3.2,1000,,category default
592,"Fagus grandifolia, Quercus rubra",,3.33,3.33,3.33,3.33,2,"ORNL, TRY",FALSE,Multi-Species,round,15,5,2,9.8,3.2,1000,,category default
593,"Guapira macrocarpa, Plumeria rubra, Lonchocarpus constrictus, Bursera instabilis, Colubrina heteroneura",,3.3,3.3,3.3,3.3,2,"ORNL, TRY",TRUE,Multi-Species,round,15,5,2,9.8,3.2,1000,,category default
594,"Quercus alba, Acer rubrum, Fagus grandifolia, Quercus velutina",,3.3,3.3,3.3,3.3,2,"ORNL, TRY",FALSE,Multi-Species,round,15,5,2,9.8,3.2,1000,,category default
595,"Quercus prinus, Quercus florida",,3.28,3.28,3.28,3.28,2,"ORNL, TRY",FALSE,Multi-Species,round,15,5,2,9.8,3.2,1000,,category default
596,"Taxodium distichum, Nyssa biflora",,3.267,3.4,2,4.4,6,"ORNL, TRY",FALSE,Multi-Species,conical,20,4,3,13,2.6,1000,,category default
597,"Quercus ellipsoidalis, Quercus macrocarpa",,3.254,2.95,2.36,4.73,10,"ORNL, TRY",FALSE,Multi-Species,round,15,5,2,9.8,3.2,1000,,category default
598,"Micarandra sprucei, Glycoxylon media luna?",,3.23,3.23,3.23,3.23,2,"ORNL, TRY",FALSE,Multi-Species,round,15,5,2,9.8,3.2,1000,,category default
599,"Family of Myrtaceae, Myristicaceae (all sites), Lauraceae, Sapotaceae, Meliaceae and Myristicaceae (lower sites)",,3.215,3.175,1.75,4.76,8,"ORNL, TRY",FALSE,Multi-Species,round,15,5,2,9.8,3.2,1000,,category default
600,"Populus tremuloides, Betula papyrifera",,3,3,3,3,2,"ORNL, TRY",FALSE,Multi-Species,round,15,5,2,9.8,3.2,1000,,category default
601,"Acer saccharum, Quercus prinus, Cornus florida",,3,3,3,3,2,"ORNL, TRY",FALSE,Multi-Species,round,15,5,2,9.8,3.2,1000,,category default
602,"Quercus alba, Quercus velutina, Fagus grandifolia",,3,3,3,3,2,"ORNL, TRY",FALSE,Multi-Species,round,15,5,2,9.8,3.2,1000,,category default
603,"Populus balsamifera, Alnus tenuifolia",,3,3,3,3,2,"ORNL, TRY",FALSE,Multi-Species,round,15,5,2,9.8,3.2,1000,,category default
604,"Picea abies, Betual pendula",,3,3,3,3,2,"ORNL, TRY",FALSE,Multi-Species,conical,20,4,3,13,2.6,1000,,category default
605,"Pinus ponderosa, Larix occidentalis, Abies grandis",,2.98,2.98,2.74,3.22,4,"ORNL, TRY",FALSE,Multi-Species,conical,20,4,3,13,2.6,1000,,category default
606,"Pinus montana, Pinus cembra",,2.96,3.035,1.78,3.99,8,"ORNL, TRY",FALSE,Multi-Species,conical,20,4,3,13,2.6,1000,,category default
607,"Salix pulchra, Betual nana",,2.95,2.95,2.95,2.95,2,"ORNL, TRY",FALSE,Multi-Species,spreading,12,7,2,7.8,4.5,1000,,category default
608,"Quercus prinus, Cornus florida, Quercus velutina",,2.9,2.9,2.9,2.9,2,"ORNL, TRY",FALSE,Multi-Species,round,15,5,2,9.8,3.2,1000,,category default
609,"Populus grandidentata, Acer rubrum, Quercus rubra",,2.9,2.9,2.9,2.9,2,"ORNL, TRY",FALSE,Multi-Species,round,15,5,2,9.8,3.2,1000,,category default
610,"Pinus sylvestris, Picea abies, Quercus robur",,2.89,2.89,2.89,2.89,2,"ORNL, TRY",FALSE,Multi-Species,conical,20,4,3,13,2.6,1000,,category default
611,"Picea, Betula",,2.89,2.89,2.89,2.89,2,"ORNL, TRY",FALSE,Multi-Species,round,15,5,2,9.8,3.2,1000,,category default
612,"Quercus ilex, Buxus sp, Thymus sp",,2.86,2.86,2.86,2.86,2,"ORNL, TRY",FALSE,Multi-Species,round,15,5,2,9.8,3.2,1000,,category default
613,"Micarandra sprucei, Eperua cunuri 3?",,2.81,2.81,2.81,2.81,2,"ORNL, TRY",FALSE,Multi-Species,round,15,5,2,9.8,3.2,1000,,category default
614,"Potentilla fruticosa, Kobresia humilis, Poa Annua, Festuca rubra",,2.8,2.8,2.8,2.8,2,"ORNL, TRY",FALSE,Multi-Species,round,15,5,2,9.8,3.2,1000,,category default
615,"Rhizophora mangle, Laguncularia racemosa",,2.79,3.01,1.33,3.81,8,"ORNL, TRY",FALSE,Multi-Species,round,15,5,2,9.8,3.2,1000,,category default
616,"Tsuga canadensis, Picea rubens",,2.78,2.78,2.78,2.78,2,"ORNL, TRY",FALSE,Multi-Species,conical,20,4,3,13,2.6,1000,,category default
617,"Pinus, Picea",,2.73,2.73,2.43,3.03,4,"ORNL, TRY",FALSE,Multi-Species,round,15,5,2,9.8,3.2,1000,,category default
618,"Quercus prinus, Quercus spp.",,2.72,2.72,2.72,2.72,2,"ORNL, TRY",FALSE,Multi-Species,round,15,5,2,9.8,3.2,1000,,category default
619,"Cyclobalanopsis glaucoldes, Keteleerla evekyniana",,2.7,2.7,2.6,2.8,6,"ORNL, TRY",FALSE,Multi-Species,round,15,5,2,9.8,3.2,1000,,category default
620,"Quercus prinus, Cornus florida, Quercus alba",,2.7,2.7,2.6,2.8,4,"ORNL, TRY",FALSE,Multi-Species,round,15,5,2,9.8,3.2,1000,,category default
621,"Pinus yunnanensis, Keteleerla evekyniana",,2.633,2.7,2.4,2.8,6,"ORNL, TRY",FALSE,Multi-Species,conical,20,4,3,13,2.6,1000,,category default
622,"Larix laricina, Picea mariana",,2.61,2.61,2.61,2.61,2,"ORNL, TRY",FALSE,Multi-Species,conical,20,4,3,13,2.6,1000,,category default
623,"Quercus myrtifolia, Quercus geminata, Quercus chapmanii",,2.6,2.6,2.6,2.6,2,"ORNL, TRY",FALSE,Multi-Species,round,15,5,2,9.8,3.2,1000,,category default
624,"Loiseleuria procumbens, Cetraria islandica",,2.6,2.6,2.6,2.6,2,"ORNL, TRY",FALSE,Multi-Species,round,15,5,2,9.8,3.2,1000,,category default
625,"Picea rubens, Betula papyrifera",,2.58,2.58,2.58,2.58,2,"ORNL, TRY",FALSE,Multi-Species,conical,20,4,3,13,2.6,1000,,category default
626,"Pistacia lentiscus, Juniperus phoenicea",,2.56,2.56,2.56,2.56,2,"ORNL, TRY",FALSE,Multi-Species,round,15,5,2,9.8,3.2,1000,,category default
627,"Avicennia marina, Rhizophora stylosa",,2.525,2.5,1.7,3.4,8,"ORNL, TRY",FALSE,Multi-Species,round,15,5,2,9.8,3.2,1000,,category default
628,"Acacia Koa, Toona ciliata",,2.5,2.5,2.4,2.6,4,"ORNL, TRY",TRUE,Multi-Species,spreading,12,7,2,7.8,4.5,1000,,category default
629,"Eucalyptus signata, Eucalyptus umbra",,2.46,2.46,2.46,2.46,2,"ORNL, TRY",TRUE,Multi-Species,round,15,5,2,9.8,3.2,1000,,category default
630,"Tamarix chinensis, Distichlis spicata",,2.45,2.45,2.45,2.45,2,"ORNL, TRY",FALSE,Multi-Species,round,15,5,2,9.8,3.2,1000,,category default
631,"Eucalyptus delegatensis, Eucalyptus dalrymplean",,2.4,2.4,2.4,2.4,2,"ORNL, TRY",TRUE,Multi-Species,round,15,5,2,9.8,3.2,1000,,category default
632,"Pinus ponderosa, Calocedrus decurrens",,2.37,2.37,1.46,3.28,4,"ORNL, TRY",FALSE,Multi-Species,conical,20,4,3,13,2.6,1000,,category default
633,"Banksia, Xanth, Blackbutt, Casurina etc.",,2.37,2.37,2.37,2.37,2,"ORNL, TRY",TRUE,Multi-Species,round,15,5,2,9.8,3.2,1000,,category default
634,"Quercus ilex, Quercus suber",,2.35,2.35,2.35,2.35,2,"ORNL, TRY",FALSE,Multi-Species,round,15,5,2,9.8,3.2,1000,,category default
635,"Pinus ponderosa, Larix occidentalis, Pinus contorta, Pesudotsuga menziessii",,2.35,2.35,1.95,2.75,4,"ORNL, TRY",FALSE,Multi-Species,conical,20,4,3,13,2.6,1000,,category default
636,"Abies guatemalensis, Pinus, Oak",,2.317,2.36,1.93,2.66,6,"ORNL, TRY",FALSE,Multi-Species,conical,20,4,3,13,2.6,1000,,category default
637,"Pterocarpus marsupium, Cleasistanthus collinus, Grewia tilifolia, Tectona grandis, Lagerostromia parviflora, Diosporus melanoxylon, Terminalia alata, Dendrocalamus strictus, Bamboosa arundinacea",,2.31,2.31,2.31,2.31,2,"ORNL, TRY",TRUE,Multi-Species,round,15,5,2,9.8,3.2,1000,,category default
638,"Aspidosperma album, Mauritia carana (total 53 species)",,2.233,2.6,1.5,2.6,6,"ORNL, TRY",FALSE,Multi-Species,round,15,5,2,9.8,3.2,1000,,category default
639,"Betula nana, Eriophorum vaginatum, Sphagnum mosses",,2.15,2.15,2.15,2.15,2,"ORNL, TRY",FALSE,Multi-Species,round,15,5,2,9.8,3.2,1000,,category default
640,"Brachystegia spiciformis, B. bakerana",,2.15,2.15,2.15,2.15,2,"ORNL, TRY",FALSE,Multi-Species,round,15,5,2,9.8,3.2,1000,,category default
641,"Pinus sylvestris, Pinus nigra",,2.14,2.14,2.14,2.14,2,"ORNL, TRY",FALSE,Multi-Species,conical,20,4,3,13,2.6,1000,,category default
642,"Populus tremuloides, Populus balsamifera",,2.14,2.14,2.14,2.14,2,"ORNL, TRY",FALSE,Multi-Species,round,15,5,2,9.8,3.2,1000,,category default
643,"Abies guatemalensis, Pinus",,2.13,2.42,1.42,2.55,6,"ORNL, TRY",FALSE,Multi-Species,conical,20,4,3,13,2.6,1000,,category default
644,"Diospyros sandwicensis, Psydrax odorata",,2.105,2.105,1.35,2.86,4,"ORNL, TRY",FALSE,Multi-Species,round,15,5,2,9.8,3.2,1000,,category default
645,"Eucalyptus tetrodonta, E. miniata",,2.1,2.1,2.1,2.1,2,"ORNL, TRY",TRUE,Multi-Species,round,15,5,2,9.8,3.2,1000,,category default
646,"Schinzophyton rautanenii, Baikiaea plurijuga, Kirkia Africana, Pterocarpus angolensis",,2.1,2.1,2.1,2.1,2,"ORNL, TRY",TRUE,Multi-Species,round,15,5,2,9.8,3.2,1000,,category default
647,"Salix glauca, Salix planifolia, Betula nana, Eriophorum angustifolium",,2.09,2.09,2.09,2.09,2,"ORNL, TRY",FALSE,Multi-Species,spreading,12,7,2,7.8,4.5,1000,,category default
648,"Cupressus pygmaea, Vaccinium ovatum, Pinus contorta",,2.09,2.09,2.09,2.09,2,"ORNL, TRY",FALSE,Multi-Species,conical,20,4,3,13,2.6,1000,,category default
649,"Eucalyptus globulus, Acacia mearnsii",,2.07,2.07,2.07,2.07,2,"ORNL, TRY",TRUE,Multi-Species,round,15,5,2,9.8,3.2,1000,,category default
650,"Tabebuia rigida, Ocotea spathulata, Clusia sp.",,2.02,2.02,2.02,2.02,2,"ORNL, TRY",TRUE,Multi-Species,round,15,5,2,9.8,3.2,1000,,category default
651,"Eucalyptus globulus, Eucalyptus viminalis, Eucalyptus radiata",,2.01,2.01,2.01,2.01,2,"ORNL, TRY",TRUE,Multi-Species,round,15,5,2,9.8,3.2,1000,,category default
652,"Quercus robur, Fraxinus oxyphylla",,2,2,2,2,2,"ORNL, TRY",FALSE,Multi-Species,round,15,5,2,9.8,3.2,1000,,category default
653,"Pinus cembroides, Juniperus deppeana",,2,2,2,2,2,"ORNL, TRY",FALSE,Multi-Species,conical,20,4,3,13,2.6,1000,,category default
654,"Picea abies, Pinus sylvestris",,1.99,1.99,1.99,1.99,2,"ORNL, TRY",FALSE,Multi-Species,conical,20,4,3,13,2.6,1000,,category default
655,"Rhododendron catawbiense, Kalmia latifolia, Gaylyssacia baccata",,1.97,1.97,1.97,1.97,2,"ORNL, TRY",FALSE,Multi-Species,round,15,5,2,9.8,3.2,1000,,category default
656,"Eucalyptus radiata, Eucalyptus dalrympleana",,1.92,1.92,1.92,1.92,2,"ORNL, TRY",TRUE,Multi-Species,round,15,5,2,9.8,3.2,1000,,category default
657,"Betula glandulosa, Salix spp.",,1.89,1.89,1.89,1.89,2,"ORNL, TRY",FALSE,Multi-Species,round,15,5,2,9.8,3.2,1000,,category default
658,"Quercus rubra, Quercus prinus",,1.88,1.88,1.88,1.88,2,"ORNL, TRY",FALSE,Multi-Species,round,15,5,2,9.8,3.2,1000,,category default
659,"Shorea robusta, Dipterocarpus tuberculatus, Parinarium anamense et al.",,1.8,1.8,1.8,1.8,2,"ORNL, TRY",TRUE,Multi-Species,round,15,5,2,9.8,3.2,1000,,category default
660,"Pinus edulis, Juniperus monosperma",,1.785,1.785,1.72,1.85,4,"ORNL, TRY",FALSE,Multi-Species,conical,20,4,3,13,2.6,1000,,category default
661,"Quercus oblongifolia, Quercus emoryi",,1.76,1.76,1.76,1.76,2,"ORNL, TRY",FALSE,Multi-Species,round,15,5,2,9.8,3.2,1000,,category default
662,"Alnus sp., Betula pendula",,1.74,1.74,1.74,1.74,2,"ORNL, TRY",FALSE,Multi-Species,round,15,5,2,9.8,3.2,1000,,category default
663,"Eucalyptus marginata, Eucalyptus calophylla",,1.733,1.7,0.3,2.6,18,"ORNL, TRY",TRUE,Multi-Species,round,15,5,2,9.8,3.2,1000,,category default
664,"Betula glandulosa, Vaccinium uliginosum",,1.7,1.7,1.7,1.7,2,"ORNL, TRY",FALSE,Multi-Species,round,15,5,2,9.8,3.2,1000,,category default
665,"Betula pendula, Betula pubescens",,1.67,1.77,0.47,2.98,22,"ORNL, TRY",FALSE,Multi-Species,round,15,5,2,9.8,3.2,1000,,category default
666,"Betula nana, Ledum decumbens, Salix pulchra",,1.65,1.65,1.65,1.65,2,"ORNL, TRY",FALSE,Multi-Species,round,15,5,2,9.8,3.2,1000,,category default
667,"Picea glauca, Picea mariana, Betula glandulosa",,1.61,1.61,1.61,1.61,2,"ORNL, TRY",FALSE,Multi-Species,conical,20,4,3,13,2.6,1000,,category default
668,"Pentacme siamensis, Terminalia tomentosa, Terminalia mucronata et al.",,1.6,1.6,1.6,1.6,2,"ORNL, TRY",TRUE,Multi-Species,round,15,5,2,9.8,3.2,1000,,category default
669,"Picea glauca, Picea mariana",,1.593,1.26,0.44,3.08,6,"ORNL, TRY",FALSE,Multi-Species,conical,20,4,3,13,2.6,1000,,category default
670,"Pinus contorta, Pinus monticola, Abies magnifica, Tsuga mertensiana",,1.59,1.59,1.59,1.59,2,"ORNL, TRY",FALSE,Multi-Species,conical,20,4,3,13,2.6,1000,,category default
671,"Fouquieria splendens, Prosopis juliflora et al.",,1.58,1.58,1.58,1.58,2,"ORNL, TRY",FALSE,Multi-Species,round,15,5,2,9.8,3.2,1000,,category default
672,"Carex limosa, Smilacina trifolia, Andromeda polifolia, Picea mariana",,1.5,1.5,1.5,1.5,2,"ORNL, TRY",FALSE,Multi-Species,round,15,5,2,9.8,3.2,1000,,category default
673,"Eucalyptus maculata, E. gummifera",,1.471,1.52,1.06,1.96,26,"ORNL, TRY",TRUE,Multi-Species,round,15,5,2,9.8,3.2,1000,,category default
674,"Alnus, Betual exilis, Salix alaxensis, Salix pulchra",,1.416,1.48,0.37,2.9,18,"ORNL, TRY",FALSE,Multi-Species,round,15,5,2,9.8,3.2,1000,,category default
675,"Eucalyptus globulus, Eucalyptus radiata",,1.39,1.39,1.39,1.39,2,"ORNL, TRY",TRUE,Multi-Species,round,15,5,2,9.8,3.2,1000,,category default
676,"Shrub; Deciduous (70-100%), evergreen(0-30%)",,1.327,1.52,0.58,1.88,6,"ORNL, TRY",FALSE,Multi-Species,round,15,5,2,9.8,3.2,1000,,category default
677,"Eucalyptus radiata, Eucalyptus mannifera",,1.32,1.32,1.32,1.32,2,"ORNL, TRY",TRUE,Multi-Species,round,15,5,2,9.8,3.2,1000,,category default
678,"Ledum groenlandicum, Chamaedaphne calyculata, Kalmia augustifolium, Vaccinium myrtilloides",,1.3,1.3,1.3,1.3,2,"ORNL, TRY",FALSE,Multi-Species,round,15,5,2,9.8,3.2,1000,,category default
679,"Eucalyptus creba, Eucalyptus drepanophylla",,1.3,1.3,1.3,1.3,2,"ORNL, TRY",TRUE,Multi-Species,round,15,5,2,9.8,3.2,1000,,category default
680,"Eucalyptus pauciflora, Eucalyptus dalrympleana",,1.285,1.285,1.17,1.4,4,"ORNL, TRY",TRUE,Multi-Species,round,15,5,2,9.8,3.2,1000,,category default
681,"Eucalyptus umbonata, E. tetrodonta",,1.25,1.25,1.25,1.25,2,"ORNL, TRY",TRUE,Multi-Species,round,15,5,2,9.8,3.2,1000,,category default
682,"Acacia koa, Fraxinus udhei",,1.24,1.33,0.68,1.71,6,"ORNL, TRY",TRUE,Multi-Species,spreading,12,7,2,7.8,4.5,1000,,category default
683,"Eucalyptus delegatensis, Eucalyptus dalrympleana",,1.228,1.2,0.73,1.72,10,"ORNL, TRY",TRUE,Multi-Species,round,15,5,2,9.8,3.2,1000,,category default
684,"Evergreen and deciduous shrub, Graminoids",,1.2,1.2,1.2,1.2,2,"ORNL, TRY",FALSE,Multi-Species,round,15,5,2,9.8,3.2,1000,,category default
685,"Eucalyptus baxteri, E. faciculosa, E. leucoxylon",,1.07,1.07,1.07,1.07,2,"ORNL, TRY",TRUE,Multi-Species,round,15,5,2,9.8,3.2,1000,,category default
686,"Sphagnum mosses, Epriophorum vaginatum, Betual nana",,1.04,1.04,1.04,1.04,2,"ORNL, TRY",FALSE,Multi-Species,round,15,5,2,9.8,3.2,1000,,category default
687,"Eucalyptus rossii, E. maculata",,1.025,1.025,0.81,1.24,4,"ORNL, TRY",TRUE,Multi-Species,round,15,5,2,9.8,3.2,1000,,category default
688,"Chamaedaphne calyculata, Ledum groenlandicum, Kalmia angustifolia, Kalmia polifolia, Andromeda glaucophylla",,1.015,1.015,0.82,1.21,4,"ORNL, TRY",FALSE,Multi-Species,round,15,5,2,9.8,3.2,1000,,category default
689,"Acacia mellifera,Terminalia sericea, Boscia albitrunca",,1,1,1,1,2,"ORNL, TRY",TRUE,Multi-Species,spreading,12,7,2,7.8,4.5,1000,,category default
690,"Carnegiea gigantea, Cercidium microphyllum, Fouquieria splendens",,0.94,0.94,0.94,0.94,2,"ORNL, TRY",FALSE,Multi-Species,round,15,5,2,9.8,3.2,1000,,category default
691,"Picea mariana, Larix laricina",,0.892,0.905,0.42,1.29,12,"ORNL, TRY",FALSE,Multi-Species,conical,20,4,3,13,2.6,1000,,category default
692,"Eucalyptus macrorhyncha, Eucalyptus albens",,0.875,0.875,0.83,0.92,4,"ORNL, TRY",TRUE,Multi-Species,round,15,5,2,9.8,3.2,1000,,category default
693,"Colophospermum mopane, Terminalia sericea",,0.87,0.87,0.87,0.87,2,"ORNL, TRY",TRUE,Multi-Species,round,15,5,2,9.8,3.2,1000,,category default
694,"Eucalyptus leucoxylon, E. occidentalis",,0.8,0.8,0.8,0.8,2,"ORNL, TRY",TRUE,Multi-Species,round,15,5,2,9.8,3.2,1000,,category default
695,"Eucalyptus tetrodonta, Eucalyptus miniata",,0.789,0.8,0.4,1.1,36,"ORNL, TRY",TRUE,Multi-Species,round,15,5,2,9.8,3.2,1000,,category default
696,"Acacia leuderitzii, Acacia mellifera, Grewia flava",,0.71,0.71,0.71,0.71,2,"ORNL, TRY",TRUE,Multi-Species,spreading,12,7,2,7.8,4.5,1000,,category default
697,"Ledum palustre, Empetrum nigrum, Sphagnuim spp.",,0.7,0.7,0.7,0.7,2,"ORNL, TRY",FALSE,Multi-Species,round,15,5,2,9.8,3.2,1000,,category default
698,"Cercidium microphyllum, Franseria deltoidea, Fouquieria splendens",,0.59,0.59,0.59,0.59,2,"ORNL, TRY",FALSE,Multi-Species,round,15,5,2,9.8,3.2,1000,,category default
699,"Heath; deciduous(35-60%), evergreen(30-60%)",,0.53,0.65,0.11,0.83,6,"ORNL, TRY",FALSE,Multi-Species,round,15,5,2,9.8,3.2,1000,,category default
700,"Vaccinium uliginosum, evergreen shrub",,0.52,0.52,0.52,0.52,2,"ORNL, TRY",FALSE,Multi-Species,round,15,5,2,9.8,3.2,1000,,category default
701,"Eucalyptus terminalis, E. capricornia",,0.25,0.25,0.25,0.25,2,"ORNL, TRY",TRUE,Multi-Species,round,15,5,2,9.8,3.2,1000,,category default
702,"Dryas integrifolia, Salix arctica",,0.23,0.23,0.23,0.23,2,"ORNL, TRY",FALSE,Multi-Species,round,15,5,2,9.8,3.2,1000,,category default
703,"Evergreen shrub (L. palustre, V vitis-ideaea, E. nigrum, L. procumbens)",,0.18,0.18,0.18,0.18,2,"ORNL, TRY",FALSE,Multi-Species,round,15,5,2,9.8,3.2,1000,,category default
704,"Pinus, Betula",,0.17,0.17,0.17,0.17,2,"ORNL, TRY",FALSE,Multi-Species,round,15,5,2,9.8,3.2,1000,,category default
705,"Deschampsia flexuosa, Leiophyllum lyoni",,0.08,0.08,0.08,0.08,2,"ORNL, TRY",FALSE,Multi-Species,round,15,5,2,9.8,3.2,1000,,category default
706,Dipterocarp,,10.2,10.2,10.2,10.2,2,"ORNL, TRY",TRUE,REVIEW,round,15,5,2,9.8,3.2,1000,,category default
707,Acacia mollissima,,9.9,9.9,9.9,9.9,2,"ORNL, TRY",TRUE,REVIEW,spreading,12,7,2,7.8,4.5,1000,,category default
708,Puseudotsuga menziesii,,8.601,8.42,6.41,11.06,24,"ORNL, TRY",FALSE,REVIEW,round,15,5,2,9.8,3.2,1000,,category default
709,Acacia dealbata,,6.5,6.5,6.5,6.5,2,"ORNL, TRY",TRUE,REVIEW,spreading,12,7,2,7.8,4.5,1000,,category default
710,Geum urbanum,,6.313,6.37,5.13,8.75,21,TRY,FALSE,REVIEW,round,15,5,2,9.8,3.2,1000,,category default
711,Camellia japonica,,5.48,5.625,3.7,6.8,16,"ORNL, TRY",FALSE,REVIEW,round,15,5,2,9.8,3.2,1000,,category default
712,Aextoxicon punctatum,,4.05,4.05,3.5,4.6,2,TRY,FALSE,REVIEW,round,15,5,2,9.8,3.2,1000,,category default
713,Luma apiculata,,4,4,4,4,1,TRY,FALSE,REVIEW,round,15,5,2,9.8,3.2,1000,,category default
714,Tepualia stipularis,,4,4,4,4,1,TRY,FALSE,REVIEW,round,15,5,2,9.8,3.2,1000,,category default
715,Amomyrtus meli,,3.6,3.6,3.6,3.6,1,TRY,FALSE,REVIEW,round,15,5,2,9.8,3.2,1000,,category default
716,Drimys winteri,,3.3,3.3,3,3.6,2,TRY,FALSE,REVIEW,round,15,5,2,9.8,3.2,1000,,category default
717,Acacia mangium,,3,3,3,3,2,"ORNL, TRY",TRUE,REVIEW,spreading,12,7,2,7.8,4.5,1000,,category default
718,Myrceugenia spp,,2.85,2.85,2.3,3.4,2,TRY,FALSE,REVIEW,round,15,5,2,9.8,3.2,1000,,category default
719,Nephelium ramboutan-ake,,2.82,2.82,2.82,2.82,1,TRY,FALSE,REVIEW,round,15,5,2,9.8,3.2,1000,,category default
720,Acacia koa,,2.661,2.355,1.17,5.34,28,"ORNL, TRY",TRUE,REVIEW,spreading,12,7,2,7.8,4.5,1000,,category default
721,Acacia melanoxylon,,2.5,2.5,2.5,2.5,2,"ORNL, TRY",TRUE,REVIEW,spreading,12,7,2,7.8,4.5,1000,,category default
722,Laureliopsis philippiana,,2.45,2.45,1.6,3.3,2,TRY,FALSE,REVIEW,round,15,5,2,9.8,3.2,1000,,category default
723,Inga oerstediana etc.,,2.4,2.4,2.4,2.4,2,"ORNL, TRY",FALSE,REVIEW,round,15,5,2,9.8,3.2,1000,,category default
724,Myrcia fallax etc.,,2.3,2.3,2.3,2.3,2,"ORNL, TRY",FALSE,REVIEW,round,15,5,2,9.8,3.2,1000,,category default
725,Hedyosmum racemosum etc.,,2.1,2.1,2.1,2.1,2,"ORNL, TRY",FALSE,REVIEW,round,15,5,2,9.8,3.2,1000,,category default
726,Euxylophora paraensis,,2.1,2.1,2.1,2.1,2,"ORNL, TRY",FALSE,REVIEW,round,15,5,2,9.8,3.2,1000,,category default
727,Eriotheca pubescens,,1.749,1.79,0.74,2.8,22,TRY,FALSE,REVIEW,round,15,5,2,9.8,3.2,1000,,category default
728,Byrsonima verbascifolia,,1.48,1.48,0.74,2.38,20,TRY,FALSE,REVIEW,round,15,5,2,9.8,3.2,1000,,category default
729,Caryocar brasiliense,,1.475,1.415,0.88,2.35,20,TRY,FALSE,REVIEW,round,15,5,2,9.8,3.2,1000,,category default
730,Salacia crassifolia,,1.457,1.57,0.56,2.26,20,TRY,FALSE,REVIEW,round,15,5,2,9.8,3.2,1000,,category default
731,Stryphnodendron adstringens,,1.436,1.51,0.54,2.43,22,TRY,FALSE,REVIEW,round,15,5,2,9.8,3.2,1000,,category default
732,Cercocarpus breviflorus,,1.4,1.4,1.4,1.4,2,"ORNL, TRY",FALSE,REVIEW,round,15,5,2,9.8,3.2,1000,,category default
733,Byrsonima coccolobifolia,,1.384,1.365,0.36,2.56,22,TRY,FALSE,REVIEW,round,15,5,2,9.8,3.2,1000,,category default
734,Acacia mearnsii,,1.35,1.35,1.35,1.35,2,"ORNL, TRY",TRUE,REVIEW,spreading,12,7,2,7.8,4.5,1000,,category default
735,Pentace laxifolia,,1.34,1.34,1.34,1.34,1,TRY,FALSE,REVIEW,round,15,5,2,9.8,3.2,1000,,category default
736,Roupala montana,,1.251,1.075,0.5,2.72,20,TRY,FALSE,REVIEW,round,15,5,2,9.8,3.2,1000,,category default
737,Artemesia tridentata,,1.25,1.25,1.25,1.25,2,"ORNL, TRY",FALSE,REVIEW,round,15,5,2,9.8,3.2,1000,,category default
738,Styrax ferrugineus,,1.25,1.235,0.89,1.7,20,TRY,FALSE,REVIEW,round,15,5,2,9.8,3.2,1000,,category default
739,Madhuca mindanaensis,,1.22,1.22,1.22,1.22,1,TRY,FALSE,REVIEW,round,15,5,2,9.8,3.2,1000,,category default
740,Ouratea hexasperma,,1.203,1.145,0.24,2.25,22,TRY,FALSE,REVIEW,round,15,5,2,9.8,3.2,1000,,category default
741,Juniperus occidentalis,,1.2,1.2,0.4,2,4,"ORNL, TRY",FALSE,REVIEW,conical,20,4,3,13,2.6,1000,,category default
742,Mallotus griffithianum,,1.2,1.2,1.2,1.2,1,TRY,FALSE,REVIEW,round,15,5,2,9.8,3.2,1000,,category default
743,Ryparosa hulletii,,1.18,1.18,1.18,1.18,1,TRY,FALSE,REVIEW,round,15,5,2,9.8,3.2,1000,,category default
744,Plenckia populnea,,1.132,1.31,0.37,1.74,20,TRY,FALSE,REVIEW,round,15,5,2,9.8,3.2,1000,,category default
745,Nephelium daedaleum,,1.11,1.11,1.11,1.11,1,TRY,FALSE,REVIEW,round,15,5,2,9.8,3.2,1000,,category default
746,Scaevola plumieri,,1.05,1.05,1.05,1.05,2,"ORNL, TRY",FALSE,REVIEW,round,15,5,2,9.8,3.2,1000,,category default
747,Pentace borneensis,,1.01,1.01,1.01,1.01,1,TRY,FALSE,REVIEW,round,15,5,2,9.8,3.2,1000,,category default
748,Madhuca pallida,,1,1,1,1,1,TRY,FALSE,REVIEW,round,15,5,2,9.8,3.2,1000,,category default
749,Mallotus caudatus,,0.94,0.94,0.94,0.94,1,TRY,FALSE,REVIEW,round,15,5,2,9.8,3.2,1000,,category default
750,Kielmeyera coriacea,,0.936,1.015,0.36,1.36,22,TRY,FALSE,REVIEW,round,15,5,2,9.8,3.2,1000,,category default
751,Ryparosa hirsuta,,0.88,0.88,0.88,0.88,1,TRY,FALSE,REVIEW,round,15,5,2,9.8,3.2,1000,,category default
752,Iva frutescens,,0.84,0.84,0.84,0.84,2,"ORNL, TRY",FALSE,REVIEW,round,15,5,2,9.8,3.2,1000,,category default
753,Guiera senegalensis,,0.82,0.82,0.82,0.82,2,"ORNL, TRY",FALSE,REVIEW,round,15,5,2,9.8,3.2,1000,,category default
754,Teijsmanniodendron holophyllum,,0.81,0.81,0.81,0.81,1,TRY,FALSE,REVIEW,round,15,5,2,9.8,3.2,1000,,category default
755,Acacia aneura,,0.791,0.58,0.13,2.13,38,"ORNL, TRY",TRUE,REVIEW,spreading,12,7,2,7.8,4.5,1000,,category default
756,Teijsmanniodendron pteropodum,,0.73,0.73,0.73,0.73,1,TRY,FALSE,REVIEW,round,15,5,2,9.8,3.2,1000,,category default
757,Cordia africana,,0.61,0.61,0.61,0.61,2,"ORNL, TRY",FALSE,REVIEW,round,15,5,2,9.8,3.2,1000,,category default
758,Other Acacia,,0.553,0.51,0.18,1.04,12,"ORNL, TRY",TRUE,REVIEW,round,15,5,2,9.8,3.2,1000,,category default
759,Acacia,,0.38,0.3,0.1,1,10,"ORNL, TRY",TRUE,REVIEW,spreading,12,7,2,7.8,4.5,1000,,category default
760,Colophospermum mopane,,0.26,0.26,0.26,0.26,2,"ORNL, TRY",FALSE,REVIEW,round,15,5,2,9.8,3.2,1000,,category default
